item_code,description,purchase_count,avg_price,min_price,median_price,max_price,latest_purchase_price,latest_purchase_date,total_qty,total_pv,num_suppliers
BBA001,BEEF BALL 1kg/pkt (PING PONG),11.0,9.0,9.0,9.0,9.0,9.0,2022-12-31,700.0,6300.0,1
BBA001-01,BEEF & CHICKEN BALL - SWEDISH MEAT BALL 1KG/PKT,3.0,10.800000000000002,10.8,10.8,10.8,10.8,2022-12-01,30.0,324.0,1
BBR002,BEEF BRISKET PE * (QUALITY BEEF-BRAZIL),10.0,7.709999999999999,6.9,7.8,7.8,7.8,2022-12-31,1465.01,11402.193,2
BCHO03,BEEF CHOP (STRIPLOIN) STEAK (BUTHER'S RIDGE) 500GMX20PKT,3.0,7.599999999999999,7.6,7.6,7.6,7.6,2022-12-17,460.0,3496.0,1
BCHO05,BEEF MELTIQUE SIRLOIN STEAK 200GM/PCS,2.0,5.0,5.0,5.0,5.0,5.0,2022-11-19,546.0,2730.0,2
BCR001,BEEF CHUCK BRAZIL,6.0,7.2,7.2,7.2,7.2,7.2,2022-12-31,737.63,5310.936,1
BER002,BEEF EYEROUND CHILLED NZ-SLIVERFIRM,4.0,13.5,13.5,13.5,13.5,13.5,2022-10-13,382.72,5166.719999999999,1
BFC001,BEEF FATS 25KG/CTNS,3.0,4.0,4.0,4.0,4.0,4.0,2022-12-22,625.0,2500.0,1
BFC005,BEEF FATS 20KG/CTNS (HARVEY-AUST),2.0,3.55,3.5,3.55,3.6,3.5,2022-12-15,1000.0,3510.0,2
BFL001,BEEF LIPS / PAPPILAE HARVEY 15KG/CTNS,1.0,4.2,4.2,4.2,4.2,4.2,2022-11-29,15.0,63.0,1
BFT004,BEEF FLEXOR TENDON HIND (QUALITY BEEF-BRAZIL),8.0,7.9625,7.8,7.9,8.5,7.9,2022-12-24,7019.7,55682.937000000005,3
BFT006,BEEF PADDY WACK (QUALITY BEEF),6.0,3.1999999999999997,3.2,3.2,3.2,3.2,2022-12-20,349.5,1118.4,1
BKN001-02,BEEF KNUCKLE (QUALITY BEEF/GJ/MINERVA-BRAZIL),30.0,7.599999999999999,6.1,7.75,7.8,7.5,2022-12-31,48622.35,358848.57,5
BKN003,BEEF KNUCKLE CUBE (TFP) 500gmX20pkt,5.0,5.176,5.0,5.0,5.88,5.88,2022-11-13,700.0,3588.0,2
BKN004,BEEF KNUCKLE CUBE 500GM/PKT [HALAL],1.0,5.88,5.88,5.88,5.88,5.88,2022-11-14,200.0,1176.0,1
BKN005,BEEF KNUCKLE CUBE (BUTHER'S RIDGE) 500GMX20PKT,5.0,5.3,5.3,5.3,5.3,5.3,2022-12-30,1160.0,6148.0,1
BLI001,BEEF LIVER,1.0,3.2,3.2,3.2,3.2,3.2,2022-12-09,23.09,73.888,1
BLO001,BEEF- LEG OF BEEF,1.0,6.4,6.4,6.4,6.4,6.4,2022-10-03,727.05,4653.12,1
BLU001,BEEF LUNG,2.0,2.65,1.8,2.65,3.5,2.65,2022-11-11,60.099999999999994,177.71,2
BMB002,BEEF MARROW BONE CUT 2 INCH,11.0,2.054545454545455,1.9,2.1,2.2,2.1,2022-12-31,6459.68,13200.36,4
BMI002,BEEF- MINCED BEEF 2KGX5PKT/CTNS,3.0,5.3999999999999995,4.5,5.5,6.2,5.5,2022-12-23,172.0,911.4,1
BMI003,BEEF- TRIMMING MINCED BEEF,1.0,5.1,5.1,5.1,5.1,5.1,2022-11-30,100.0,509.99999999999994,1
BMI005,BEEF- MINCED BEEF (TFP) 300gmX20pkt,5.0,2.524,2.34,2.34,2.8,2.34,2022-11-14,1200.0,3084.0,2
BMI006,BEEF- MINCED BEEF (TUDBOM-SA) 500gmX24pkt,1.0,4.7,4.7,4.7,4.7,4.7,2022-10-25,240.0,1128.0,1
BMI007,BEEF- MINCED BEEF (BUTHER'S RIDGE) 300gm,12.0,3.0,3.0,3.0,3.0,3.0,2022-12-29,2900.0,8700.0,1
BMM004,BEEF STRIPLOIN (MELTIQUE-AUST),4.0,26.875,26.0,26.0,29.5,26.0,2022-12-30,1205.6399999999999,31429.065000000002,2
BMS001,BEEF MEAT SLICED 6X2KG/CTNS [HALAL],1.0,8.8,8.8,8.8,8.8,8.8,2022-11-23,2.0,17.6,1
BOM001,BEEF OMASUM 17KG/CTNS,2.0,7.35,7.2,7.35,7.5,7.5,2022-11-01,437.56,3179.7,2
BOM001-02,BEEF OMASUM AUST 20KG/CTNS,5.0,7.839999999999999,7.6,7.6,8.2,8.2,2022-12-31,1489.92,11743.392,2
BOM001-03,BEEF OMASUM BRAZIL,9.0,7.5,7.4,7.5,7.6,7.5,2022-12-30,2751.7999999999997,20633.092,3
BOM002,BEEF OMASUM (AFFCO),4.0,8.625,8.0,8.0,10.5,8.0,2022-11-19,1574.3400000000001,13176.170000000002,2
BPA003,BEEF BURGER PATTIES (SADIA) 320GM X 20PKT,1.0,2.99,2.99,2.99,2.99,2.99,2022-11-11,200.0,598.0,1
BPA003-02,BEEF BURGER PATTIES CLASSIC 20X320gm,5.0,3.0,3.0,3.0,3.0,3.0,2022-12-13,480.0,1440.0,1
BPA004,BEEF BURGER PEPPER & ONION (BLACK PRIMO SADIA) 420GM X 15PKT,4.0,4.3725000000000005,4.29,4.4,4.4,4.4,2022-12-21,300.0,1311.75,2
BPA004-01,BEEF BURGER CHEDDAR CHEESE (GOURMET) 15X420gm,3.0,4.4,4.4,4.4,4.4,4.4,2022-12-17,165.0,726.0,1
BRE0011,CHILLED BEEF RIBEYE PS CUBEROLL NZ SILVERFERN,2.0,28.75,28.0,28.75,29.5,28.0,2022-12-07,147.70000000000002,4335.79,2
BRE005,BEEF RIBEYE / CUBEROLL (MONDELI),2.0,10.4,10.4,10.4,10.4,10.4,2022-12-24,1577.73,16408.392,1
BRF002,BEEF RIB FINGER (BRAZIL-MINERVA/MONDELI/QUALITY BEEF),4.0,7.4,7.4,7.4,7.4,7.4,2022-12-31,2909.6,21531.04,1
BSF001,BEEF STIR FRY (TFP) 200gmX20pkt,4.0,2.37,2.34,2.37,2.4,2.34,2022-11-14,900.0,2136.0,2
BSF002,BEEF- BEEF STIR FRY (BUTHER'S RIDGE) 200gm,11.0,3.0,3.0,3.0,3.0,3.0,2022-12-30,2100.0,6300.0,1
BSH004,BEEF SHIN/SHANK (QUALITY BEEF-BRAZIL),6.0,5.583333333333333,5.0,5.6,6.0,5.5,2022-12-29,2713.88,15291.138,5
BSL001-03,BEEF STRIPLOIN (BEAUVALLET-BRAZIL),2.0,10.5,10.5,10.5,10.5,10.5,2022-12-07,47.56,499.38,1
BSL001-05,CHILLED BEEF STRIPLOIN (PS NZ SILVERFERN / AUST MIDFIELD)),1.0,19.5,19.5,19.5,19.5,19.5,2022-11-25,18.98,370.11,1
BSP003,BEEF SHORT PLATE BONELESS (USA-IBP),14.0,9.935714285714285,9.5,9.55,10.5,9.5,2022-12-31,4098.95,40626.685,1
BSR002-01,BEEF SHORTRIB BONELESS CHOICE OR HIGHER SWIFT,5.0,45.52,42.8,46.0,48.0,42.8,2022-12-31,107.73,4956.196,2
BSR004-03,BEEF SHORTRIB BONE IN (BEAUVALLET-BRAZIL),2.0,7.8,7.8,7.8,7.8,7.8,2022-12-21,57.58,449.124,1
BSU001-01,BEEF SUKIYAKI (TFP) 400gmX20pkt,2.0,5.6,5.6,5.6,5.6,5.6,2022-10-20,400.0,2240.0,1
BSU001-02,BEEF SUKIYAKI (BUTHER'S RIDGE) 400GMX20PKT,5.0,6.8,6.0,7.0,7.0,7.0,2022-12-17,580.0,4040.0,2
BSU003,BEEF SHABU SHABU (TFP) 400gmX20pkt,3.0,6.400000000000001,6.4,6.4,6.4,6.4,2022-10-20,500.0,3200.0,1
BSU003-02,BEEF SHABU SHABU (BUTHER'S RIDGE) 400GMX20PKT,3.0,7.0,7.0,7.0,7.0,7.0,2022-12-13,600.0,4200.0,1
BTA001,BEEF TAIL 500gmX20pkt,2.0,4.5,4.5,4.5,4.5,4.5,2022-10-29,80.0,360.0,1
BTA004,BEEF TAIL,1.0,7.3,7.3,7.3,7.3,7.3,2022-12-29,125.67,917.391,1
BTL002,BEEF TENDERLOIN (QUALITY BEEF-BRAZIL),1.0,17.5,17.5,17.5,17.5,17.5,2022-12-28,133.8,2341.5,1
BTO001,BEEF TONGUE,2.0,11.5,2.0,11.5,21.0,2.0,2022-11-17,35.54,347.34,2
BTO002,BEEF TONGUE SWISS CUT IWP HARVEY,1.0,21.0,21.0,21.0,21.0,21.0,2022-12-05,16.8,352.8,1
BTR001,BEEF TRIPE (NZ-SILVERFERN) 22kg/ctn,9.0,3.388888888888889,3.3,3.3,3.5,3.3,2022-12-27,3520.0,11880.0,1
BTR003-02,BEEF TRIPE HONEYCOMB (QUALITY/MINERVA),4.0,7.325,6.5,6.75,9.3,6.5,2022-10-29,1299.31,9710.805,3
CBLL01-01,CHICKEN BONELESS LEG 200gmUP (SEARA ) 2kgx6pkt,1.0,2.8,2.8,2.8,2.8,2.8,2022-11-19,840.0,2352.0,1
CBLL01-02,CHICKEN BONELESS LEG 200gmUP (AVIVAR-BRAZIL) 2kgX6pkt,7.0,3.364285714285714,2.47,3.0,4.18,2.47,2022-12-29,110568.0,405786.0,5
CBLS05,CHICKEN BONELESS SKINLESS LEG (MULTI-BRAZIL) 2kgX6pkt,6.0,4.316666666666667,4.3,4.3,4.4,4.3,2022-12-12,2040.0,8796.0,3
CBON01,CHICKEN BONE,22.0,2.7490909090909095,2.5,2.5,3.56,2.5,2022-12-25,2626.0,7116.39,2
CBSL07,CHICKEN BREAST (PERDIGAO) 1kgX16pkt,1.0,5.2,5.2,5.2,5.2,5.2,2022-10-10,16.0,83.2,1
CBSL14,CHICKEN BREAST STRIP 250GM X 12PKT (PERDIGAO),9.0,2.3,1.9,1.9,2.8,2.8,2022-12-21,720.0,1692.0,1
CCUB11,CHICKEN CUBE  400GM X 12PKT (PERDIGAO),6.0,3.466666666666667,3.3,3.5,3.5,3.5,2022-12-21,540.0,1866.0,1
CDRU02,CHICKEN DRUMSTICK TYSON 3X5KG/CTNS,8.0,2.6,2.6,2.6,2.6,2.6,2022-12-19,2505.0,6513.0,1
CDRU04,CHICKEN DRUMSTICK (WAYNE FARM)15kg/ctn,1.0,34.5,34.5,34.5,34.5,34.5,2022-10-21,20.0,690.0,1
CFAT01,CHICKEN FATS,1.0,4.8,4.8,4.8,4.8,4.8,2022-10-07,20.0,96.0,1
CFAT02,CHICKEN FATS LIQUID,6.0,4.8,4.8,4.8,4.8,4.8,2022-12-30,420.0,2016.0,1
CFIL02,CHICKEN FILLET (SEARA) 2kgX6pkt,2.0,5.5,5.5,5.5,5.5,5.5,2022-10-14,360.0,1980.0,1
CFIL04,CHICKEN FILLET (ALLIZ) 6X2kg,1.0,4.4,4.4,4.4,4.4,4.4,2022-11-12,24.0,105.60000000000001,1
CFLI001,CHICKEN- FRESH CHICKEN LIVER 2kg/pkt,3.0,2.8333333333333335,2.5,3.0,3.0,2.5,2022-12-09,22.0,65.0,1
CGIZ03,CHICKEN GIZZARD PERDIGAO/ALLIZ 12 X 1KG,8.0,2.6,2.5,2.6,2.7,2.6,2022-11-25,8600.0,21779.2,4
CHIF002,CHICKEN- FRESH CHICKEN (KG) / PULLET (M),1.0,8.24,8.24,8.24,8.24,8.24,2022-12-23,1.7,14.008,1
CKAD01,CHICKEN KATSUDON 14pcs 1kgX10pkt,9.0,7.1,7.1,7.1,7.1,7.1,2022-12-28,1900.0,13490.0,1
CKAD07,FULLY COOKED FRIED CHICKEN CRISPY KATSUDON,5.0,8.2,8.2,8.2,8.2,8.2,2022-12-24,110.0,902.0,1
CLIV01,CHICKEN HEART,1.0,8.0,8.0,8.0,8.0,8.0,2022-11-23,6.2,49.6,1
CMIJ02-02,CHICKEN- MID JOINT 30gmUP (AVIVAR) 6pkt X 2kg/ctns,1.0,4.15,4.15,4.15,4.15,4.15,2022-10-03,720.0,2988.0000000000005,1
CMIJ03,CHICKEN- MID JOINT 35-45gm (AURORA) 12X1pkt,9.0,4.605555555555555,4.6,4.6,4.65,4.6,2022-12-28,12960.0,59918.399999999994,1
CMIJ03-01,CHICKEN- MID JOINT 30gm (PERDIGAO) 1kgX16pkt,5.0,4.8,4.2,5.0,5.0,4.2,2022-10-31,2080.0,9696.0,2
CMIJ03-02,CHICKEN- MID JOINT 30gm (PERDIGAO) 1kgX12pkt,3.0,4.233333333333333,3.1,4.8,4.8,3.1,2022-12-20,1800.0,7620.0,2
CMIJ04,CHICKEN- MID JOINT 30gm (FIRST PRIDE) 1kgX12pkt,8.0,4.5875,3.1,4.9,4.9,3.1,2022-12-20,4200.0,19080.0,1
CMIJ09,CHICKEN- MID JOINT FRANGOSUL 12X1KG/CTNS,12.0,2.0,2.0,2.0,2.0,2.0,2022-12-23,5232.0,10464.0,1
CMIN01,CHICKEN- MINCED CHICKEN 2kgX5pkt,1.0,4.5,4.5,4.5,4.5,4.5,2022-11-15,200.0,900.0,1
CMIN03,CHICKEN- MINCED CHICKEN 300GM X 12PKT (PERDIGAO),12.0,2.025,1.75,2.025,2.3,1.75,2022-12-31,2020.0,4063.0,2
CMIN04,CHICKEN- MINCED CHICKEN (BUTHER'S RIDGE) 20X300gm,9.0,2.5,2.5,2.5,2.5,2.5,2022-12-21,1020.0,2550.0,1
CMIN05,CHICKEN- MINCED CHICKEN *HALAL-TNL* 2KG/PKT,4.0,4.5,4.5,4.5,4.5,4.5,2022-10-19,440.0,1980.0,1
CNSF01,CHICKEN STIR FRY 250GM X 12PKT (PERDIGAO),3.0,2.3,2.3,2.3,2.3,2.3,2022-10-17,180.0,414.0,1
CNSF02,CHICKEN STIR FRY 250GM X 12PKT (BUTHER'S RIDGE),5.0,2.5,2.5,2.5,2.5,2.5,2022-12-21,480.0,1200.0,1
COLD01,CHICKEN- OLD FOWL,20.0,4.599999999999999,4.6,4.6,4.6,4.6,2022-12-29,678.4200000000001,3120.732,1
CQUL02,CHICKEN QUARTER LEG (SIMMONS-USA) 15kg/ctn,1.0,2.55,2.55,2.55,2.55,2.55,2022-10-25,150.0,382.5,1
CQUL06,CHICKEN QUARTER LEG (CASEFARM) 15kg/ctn,8.0,2.5,2.5,2.5,2.5,2.5,2022-10-27,50.0,125.0,1
CSBL01,CHICKEN- BLACK CHICKEN 5PCS/PKT,14.0,5.5,5.5,5.5,5.5,5.5,2022-12-24,107.0,588.5,1
CSBL01-02,CHICKEN- KAMPONG CHICKEN / FEATHERLESS PULLET,9.0,9.0,9.0,9.0,9.0,9.0,2022-12-03,71.8,646.2,1
CSBL01-03,CHICKEN- KAMPONG CHICKEN WHOLE LEG,9.0,10.5,10.5,10.5,10.5,10.5,2022-10-26,72.3,759.15,1
CSKI01,CHICKEN SKIN 15kg/ctn,1.0,0.5,0.5,0.5,0.5,0.5,2022-10-28,130.0,65.0,1
CSLI08-02,CHICKEN SLICED SHABU SHABU 12X300gm/pkt PERDIGAO,2.0,2.2,2.2,2.2,2.2,2.2,2022-10-17,180.0,396.0,1
CSLI08-03,CHICKEN SLICED SHABU SHABU 12X300gm/pkt BUTHER'S RIDGE,5.0,2.8,2.8,2.8,2.8,2.8,2022-12-30,480.0,1344.0,1
CSOF01,CHICKEN- CHICKEN SOFTBONE,1.0,10.0,10.0,10.0,10.0,10.0,2022-11-18,2.1,21.0,1
CSOF02,CHICKEN- KNEE CARTILAGE (SEARA) 6X2KG/CTNS,2.0,6.8,6.8,6.8,6.8,6.8,2022-11-02,1236.0,8404.8,1
CSPR03-01,CHICKEN- SPRING CHICKEN 800gm (PD) 9.6kg/ctn,2.0,42.24,42.24,42.24,42.24,42.24,2022-10-14,120.0,5068.8,1
CSPR04,CHICKEN- SPRING CHICKEN 900gm (PD) 10.80kg/ctn,1.0,46.51,46.51,46.51,46.51,46.51,2022-11-12,994.0,46230.939999999995,1
CWHL03,CHICKEN- WHOLE LEG (SEARA/LAR) 15kg/ctn,10.0,36.375,35.25,36.375,37.5,35.25,2022-11-29,1020.0,36900.0,1
CWHL09,CHICKEN- WHOLE LEG (AURORA) 15kg/ctn,8.0,36.1875,36.0,36.0,37.5,37.5,2022-11-13,1140.0,41130.0,2
CWHL13,CHICKEN- WHOLE LEG (COPACOL/ALLIZ-BRAZIL) 15kg/ctn,2.0,31.675,31.67,31.675,31.68,31.68,2022-12-02,3748.0,118717.9,1
CWHL14,CHICKEN- WHOLE LEG 230-260GM (FRESH),32.0,9.5,9.5,9.5,9.5,9.5,2022-12-31,410.4,3898.8,1
CWHO01,CHICKEN- WHOLE CHICKEN 1100gm (PERDIAO) 11kg/ctn,1.0,3.8,3.8,3.8,3.8,3.8,2022-11-12,10395.0,39501.0,1
CWHO06,CHICKEN- WHOLE CHICKEN 1300gm (PERDIGAO)  13kg/ctn,1.0,3.9,3.9,3.9,3.9,3.9,2022-10-19,390.0,1521.0,1
CWHO08-03,CHICKEN- WHOLE CHICKEN 1200gm (PERDIGAO) 12kg/ctn,1.0,4.1,4.1,4.1,4.1,4.1,2022-10-08,360.0,1475.9999999999998,1
CWIN01,CHICKEN WING 80-100gm (SEARA/PERDIGAO) 15kg/ctn,1.0,58.5,58.5,58.5,58.5,58.5,2022-10-01,15.0,877.5,1
CWIN01-03,CHICKEN WING 80-100GM UP (SEARA) 2KGX6PKT,14.0,3.7999999999999985,3.8,3.8,3.8,3.8,2022-12-31,11496.0,43684.8,3
CWIN01-05,CHICKEN WING 75-90gm (PERDIAGO) 15kg/ctn,13.0,58.15384615384615,57.0,57.0,63.0,57.0,2022-12-31,315.0,18225.0,2
CWIN02-06,CHICKEN WING 90-110gm UP (TYSON) 12X1pkt,2.0,3.375,3.0,3.375,3.75,3.0,2022-12-20,1332.0,4491.0,1
CWIN02-07,CHICKEN WING 90-110gm (FIRST PRIDE) 12X1pkt,9.0,3.8666666666666663,3.6,3.9,3.9,3.9,2022-12-06,4596.0,17816.4,1
CWIN02-08,CHICKEN WING 90gm UP (MORO) 2kgX8pkt,1.0,3.0,3.0,3.0,3.0,3.0,2022-12-20,896.0,2688.0,1
CWIN05-01,CHICKEN WING 120-140gm (SEARA) 15kg/ctn,10.0,30.0,30.0,30.0,30.0,30.0,2022-12-28,157.0,4710.0,1
CWIN05-04,CHICKEN WING 120GMUP / 120-150gm UP (PD/SEARA/AVIA)15kg/ctn,8.0,46.03125,45.75,45.75,46.5,45.75,2022-12-22,157.0,7235.25,1
CWIN06-04,ChICKEN WING STICK(SEARA) 12x1KG/CTNS,7.0,3.1571428571428575,3.1,3.1,3.3,3.1,2022-12-24,6063.0,19131.3,2
CWIN06-07,CHICKEN WING STICK (AURORA) 1kgX12pkt,2.0,3.1,3.1,3.1,3.1,3.1,2022-11-26,1929.0,5979.9,1
DEER01,DEER MEAT,5.0,29.6,28.0,30.0,30.0,28.0,2022-12-19,444.96000000000004,13042.62,2
DUCK01-04,DUCK- HALAL FRESH WHOLE DUCK (3.56kg/pcs),20.0,5.438,4.5,5.33,6.0,5.21,2022-12-20,2216.42,11866.6712,2
DUCK03-01,DUCK- 2JOINT DUCK WING,1.0,2.8,2.8,2.8,2.8,2.8,2022-11-26,29.5,82.6,1
DUCK03-02,DUCK- DUCK 3JOINT WING EDEN DUCK 12X1kg/ctn,5.0,3.2,3.2,3.2,3.2,3.2,2022-12-10,131.5,420.8,1
DUCK04,DUCK BREAST 10KG/CTNS,1.0,11.0,11.0,11.0,11.0,11.0,2022-11-18,1.2,13.2,1
DUCK04-02,DUCK- SMOKE DUCK BREAST (ORIGINAL) 220gm/pcsS,7.0,9.142857142857142,9.0,9.0,9.5,9.0,2022-12-20,614.0,5601.0,2
DUCK05-02,DUCK TONGUE,10.0,16.2,15.0,15.0,19.0,15.0,2022-12-24,177.2,2744.0,2
DUCK06,DUCK HEAD 5KG/PKT,37.0,2.0594594594594597,2.0,2.0,3.5,2.0,2022-12-31,667.7,1356.9,3
DUCK07,DUCK FEET,2.0,3.2,3.2,3.2,3.2,3.2,2022-12-17,60.2,192.64000000000001,1
DUCK07-01,DUCK FEET DEBONE 12X1KG/CTNS,2.0,20.75,19.0,20.75,22.5,22.5,2022-12-06,480.0,9960.0,1
DUCK08,DUCK NECKS SKINLESS  10kg/ctn,16.0,2.6,2.6,2.6,2.6,2.6,2022-12-31,326.9,849.94,1
DUCK13,DUCK GIZZARD,21.0,3.2000000000000006,3.2,3.2,3.2,3.2,2022-12-31,743.9,2380.48,1
DUCK15,DUCK- DUCK LIVER PRE SLICED,2.0,89.215,86.76,89.215,91.67,89.215,2022-12-08,12.0,1090.22,1
DUCK15-03,DUCK- DUCK LIVER PRE SLICED 50GM/PCS,5.0,93.86600000000001,78.0,95.07,109.22,78.0,2022-12-21,23.5,2228.5787,3
DUCK20,DUCK BONE,4.0,0.9,0.9,0.9,0.9,0.9,2022-12-20,40.1,36.09,1
DUCK25,CURRY DUCK,1.0,5.6,5.6,5.6,5.6,5.6,2022-11-30,240.0,1344.0,1
FBA001-01,FISH- WHOLE BATANG 2-3 FRESH - CLEAN & GUTTER,21.0,6.4523809523809526,5.5,6.8,8.2,5.5,2022-12-29,5333.4800000000005,33547.71,3
FBA001-02,FISH- WHOLE BATANG 3/4KG (NSW-LH),2.0,7.550000000000001,6.8,7.550000000000001,8.3,8.3,2022-11-24,171.20000000000002,1413.0100000000002,2
FBA001-05,FISH- FRESH SPANISH MACKEREL,15.0,9.167333333333334,7.5,9.0,10.5,9.5,2022-12-30,99.3,913.007,1
FBA006-01,FISH- BATANG STEAK 3-5 2kgX5pkt,12.0,6.433333333333334,6.1,6.5,6.5,6.5,2022-12-21,1300.0,8370.0,2
FBE002,FISH- BELT FISH 200-300GM 10KG/CTNS,9.0,3.611111111111111,3.5,3.5,4.5,3.5,2022-12-27,992.0,3484.0,2
FBE003,FISH- BELT FISH,1.0,5.0,5.0,5.0,5.0,5.0,2022-12-06,10.0,50.0,1
FBE004,FISH- BELT FISH STEAK 150-200GM 10X1KG/CTNS,2.0,4.5,4.0,4.5,5.0,4.5,2022-12-13,40.0,180.0,2
FBE006,FISH- BELT FISH ROLL 10X1KG/CTNS,4.0,5.0,5.0,5.0,5.0,5.0,2022-12-13,350.0,1750.0,1
FBF002,FISH- BREADED POLLACK FILLET (WHITE CRUMBS) 10pcs/pkt,5.0,2.38,2.38,2.38,2.38,2.38,2022-12-29,600.0,1428.0,1
FBP005,FISH- BLACK POMFRET 100-150gm 5kgX2pkt,3.0,4.5,4.5,4.5,4.5,4.5,2022-12-31,400.0,1800.0,1
FBP009-02,FISH- GOLDEN POMFRET 150/200GM CLEAN & GUTTER 10KG/CTNS,1.0,6.3,6.3,6.3,6.3,6.3,2022-12-01,10.0,63.0,1
FCH002,FISH CHIP RED 500gmX20pkt,2.0,2.9,2.9,2.9,2.9,2.9,2022-11-29,2200.0,6380.0,1
FCS001,FISH- CHILEAN SALMON FILLET SKIN-ON 3-4LB/PCS 10kg/ctns,7.0,18.471428571428568,17.7,18.3,19.5,17.7,2022-12-31,2250.0,41835.0,1
FCS001-02,FISH- SASHIMI SALMON CUT 230-250GM,29.0,52.275862068965516,49.0,50.0,58.0,58.0,2022-12-31,49.940000000000005,2627.2400000000002,1
FCS005,FISH- SMOKED SALMON SLICED 100GM/PKT,1.0,28.0,28.0,28.0,28.0,28.0,2022-11-30,1.0,28.0,1
FCU001,FISH- CUTTLEFISH 5kg/pkt,57.0,5.1000000000000005,5.1,5.1,5.1,5.1,2022-12-31,2870.0,14636.999999999998,1
FCU002,FISH- BABY CUTTLEFISH 40-60 12X1KG/CTNS,9.0,9.077777777777778,8.5,8.5,9.8,9.8,2022-12-31,880.0,8000.0,2
FGR004,FISH- FRESH FLOWER GROUPER,25.0,11.05,9.5,10.5,13.0,11.5,2022-12-31,211.2,2326.675,3
FKE003,FISH- KEMBONG 8-10pcs 2kg X 5pkt/ctns,4.0,3.0,3.0,3.0,3.0,3.0,2022-12-16,900.0,2700.0,1
FKU003,FISH- KUNING 31-35pcs  2kgX5pkt,1.0,2.8,2.8,2.8,2.8,2.8,2022-10-17,100.0,280.0,1
FLE003,FISH- LEATHER JACKET 300-400gm 10kg/ctn,4.0,7.5,7.5,7.5,7.5,7.5,2022-12-19,100.0,750.0,2
FMI001-01,FISH- MILK FISH,2.0,4.335,3.87,4.335,4.8,3.87,2022-12-09,1080.0,4365.6,2
FRG002,FISH- RED SNAPPER FISH TAIL,3.0,17.333333333333332,17.0,17.5,17.5,17.5,2022-12-31,41.5,720.6,2
FRG004,FISH- RED GORLY 6-8pcs 2kgX5pkt,13.0,3.0153846153846158,2.8,3.2,3.2,3.2,2022-12-31,1280.0,3864.0,2
FRM001,FISH- FRESH ANGKOLI FISH,1.0,10.5,10.5,10.5,10.5,10.5,2022-10-31,10.0,105.0,1
FRS001-02,FISH- RED SNAPPER FISH HEAD FRESH,3.0,11.666666666666666,10.5,12.0,12.5,12.5,2022-12-31,190.0,2296.3,2
FRS001-05,FISH- RED SNAPPER FISH HEAD FROZEN 5nos/ctns,55.0,16.681818181818183,14.5,17.0,17.0,17.0,2022-12-31,346.3,5789.1,1
FRS002,FISH- FRESH RED GROUPER - BIG,4.0,27.875,25.0,28.25,30.0,27.0,2022-12-31,22.6,639.35,3
FRS003,FISH- FRESH RED GROUPER - SMALL,3.0,24.666666666666668,22.0,25.0,27.0,27.0,2022-12-15,69.1,1823.6000000000001,2
FRS005,FISH- RED SNAPPER FISH,21.0,16.5,14.0,16.5,17.0,16.5,2022-12-30,61.8,1018.8499999999999,1
FSA001,FISH- SABA FISH 400-600gm 20kg/ctn,8.0,3.8,3.8,3.8,3.8,3.8,2022-12-27,160.0,608.0,1
FSA002-01,FISH- SABA FILLET 5KG/CTNS (35P),2.0,8.0,8.0,8.0,8.0,8.0,2022-11-09,50.0,400.0,1
FSB002-01,FISH- FRESH SEABASS 600-700GM,28.0,6.741785714285713,6.0,6.779999999999999,7.45,6.654999999999999,2022-12-27,1453.2,9863.043,2
FSB002-02-02,FISH- FRESH SEABASS 800-900GM,25.0,6.661999999999999,6.6,6.6,6.89,6.6,2022-11-27,1268.0,8484.055,1
FSB002-03,FISH- FRESH SEABASS 500-600GM,190.0,7.038947368421053,6.7,6.7,8.0,6.720000000000001,2022-12-31,2589.0,17660.937,2
FSB002-04-02,FISH- FRESH SEABASS 600-700GM - BUTTERFLY @ BACK,1.0,6.82,6.82,6.82,6.82,6.82,2022-12-03,125.0,852.5,1
FSB002-05,FISH- FRESH SEABASS 500-600GM - BUTTERFLY @ BACK,3.0,6.8066666666666675,6.7,6.82,6.9,6.82,2022-12-25,224.0,1525.66,1
FSB002-06,FISH- FRESH SEABASS 800-900GM - BUTTERFLY @ BACK,10.0,6.859,6.78,6.8,7.02,6.79,2022-12-25,1212.5,8313.765,1
FSB006,FISH- SEABASS PORTION CUT 250GM/PKT **PKT,1.0,2.43,2.43,2.43,2.43,2.43,2022-10-29,50.0,121.50000000000001,1
FSF001-02,FISH- SUTCHI FILLET 170-220gm (PRIME) 10X1kg/ctn,1.0,2.78,2.78,2.78,2.78,2.78,2022-11-18,2000.0,5560.0,1
FSF001-06,FISH- SUTCHI FILLET 170-220gm 6KG/CTNS,2.0,15.905000000000001,14.81,15.905000000000001,17.0,14.81,2022-11-18,1600.0,25448.0,1
FSF0010-04,FISH- SUTCHI CUBE 25-35GM 6kg/ctn (TWIN) DL 478,7.0,17.01,13.5,19.0,19.0,13.5,2022-12-12,3100.0,45894.0,2
FSF0021,FISH- SHARK FIN SUPERIOR 250gm/pkt,1.0,220.0,220.0,220.0,220.0,220.0,2022-12-03,1.0,220.0,1
FSF0022,FISH- SHARK FIN 500gm/pkt,3.0,22.666666666666668,20.0,20.0,28.0,20.0,2022-12-31,100.0,2160.0,2
FSF0023,FISH- PATIN SLICED - BONE IN WITH SKIN VACUUM PACK,1.0,2.4,2.4,2.4,2.4,2.4,2022-12-01,50.0,120.0,1
FSF004-08,FISH- SUTCHI FILLET 400-600gm 6kg/ctn (TWIN) DL 478,5.0,15.394,14.44,15.32,17.0,14.44,2022-12-26,12967.0,196527.66,1
FSF006,FISH- SUTCHI STEAK 60-80gm(DL 478) 2kgX5pkt,3.0,2.75,2.45,2.9,2.9,2.675,2022-12-30,830.0,2155.0,2
FSF010-03,FISH- SUTCHI FILLET BUTTERFLY CUT 600-800gm 10/ctns,3.0,2.29,2.17,2.22,2.48,2.17,2022-12-12,12900.0,28763.0,1
FSF010-04,FISH- SUTCHI FILLET BUTTERFLY CUT 700-900gm 10/ctns,2.0,2.525,2.17,2.525,2.88,2.17,2022-12-12,10900.0,25783.0,1
FSF010-06,FISH- SUTCHI FILLET BUTTERFLY CUT 900-1000gm 10kg/ctn,4.0,2.435,2.17,2.35,2.87,2.17,2022-12-26,29600.0,70542.0,1
FSH001-01,FISH- SHARK FILLET 300GM UP 15KG/CTNS,10.0,5.0,5.0,5.0,5.0,5.0,2022-12-29,705.0,3525.0,1
FSH003,FISH- SOON HOCK FISH,1.0,18.0,18.0,18.0,18.0,18.0,2022-12-15,12.9,232.20000000000002,1
FSI001,FISH- SHISHAMO 120gm 30pkt/ctn,9.0,1.7999999999999998,1.8,1.8,1.8,1.8,2022-12-24,1320.0,2376.0,1
FSN001,FISH- FRESH TOMAN FILLET SLICED (U),1.0,13.0,13.0,13.0,13.0,13.0,2022-12-31,22.0,286.0,1
FSN001-03,FISH- TOMAN FILLET 300/500 10KG/CTNS,6.0,8.016666666666666,7.5,8.2,8.2,8.2,2022-12-20,771.73,6274.186,2
FSN001-04,FISH- TOMAN FILLET 300/500 6KG/CTNS,1.0,7.5,7.5,7.5,7.5,7.5,2022-11-06,6.0,45.0,1
FSN002-02,FISH- TOMAN FILLET CUT SLICED (SKIN-ON) 4MM 10X1KG/CTNS,2.0,7.65,7.5,7.65,7.8,7.5,2022-11-10,130.0,1005.0,1
FSN002-04,FISH- TOMAN FILLET CUT SLICED (SKIN-ON) 4MM 10X1KG/CTNS,4.0,8.125,7.5,8.0,9.0,9.0,2022-12-17,400.0,3250.0,1
FSN003,FISH- FRESH TOMAN FILLET,51.0,10.707843137254905,9.5,11.2,11.2,10.35,2022-12-31,448.6,4605.9,4
FSR001,FISH- STING RAY 2000-3000gm 15KG/CTNS,1.0,9.0,9.0,9.0,9.0,9.0,2022-10-26,200.0,1800.0,1
FSR002,FISH- STING RAY 1000-2000gm 10kg/ctn,9.0,9.0,9.0,9.0,9.0,9.0,2022-12-31,950.0,8550.0,1
FSS003,FISH- SILVER FISH 8-10CM 10X1KG/CTNS,5.0,9.5,9.5,9.5,9.5,9.5,2022-12-31,190.0,1805.0,1
FTI002,FISH- FRESH RED TILAPIA,9.0,6.199999999999999,5.0,6.5,6.5,5.0,2022-12-31,77.8,487.39,4
FTN002,FISH- FRESH TUNA (INDONESIA MAGURO),20.0,22.0,22.0,22.0,22.0,22.0,2022-12-30,210.15,4623.3,1
FUN002,UNAGI KABAYAKI 200GMX50PCS 10KG/CTNS (IWP-PACKING),2.0,27.5,27.5,27.5,27.5,27.5,2022-12-15,60.0,1650.0,1
FUN003,UNAGI KABAYAKI 250GM/PKT ** 50PCS,3.0,5.5,5.5,5.5,5.5,5.5,2022-12-15,400.0,2200.0,1
FYC001,FISH- YELLOW CROAKER 300-400GM,4.0,6.25,5.5,5.5,8.5,5.5,2022-11-23,94.0,547.0,2
FYT001,FISH- YELLOW TAIL FILLET BONELESS,2.0,5.0,5.0,5.0,5.0,5.0,2022-12-02,117.0,585.0,1
FYT003-01,FISH- FRESH TAIXING WR (1-1.6 KG),1.0,27.0,27.0,27.0,27.0,27.0,2022-12-31,34.3,926.0999999999999,1
GOOS01,GOOSE WHOLE WITH GIBLETS IWP 3.6KG (HUNGARIAN),2.0,34.0,34.0,34.0,34.0,34.0,2022-12-09,27.79,944.86,1
MBL001-01,MUTTON BONELESS LEG (FLETCHER-AUST),6.0,11.75,10.8,11.75,12.8,12.8,2022-12-31,4251.45,49068.212,4
MBL003,LAMB SHOULDER B/LESS OYSTER TUBED,13.0,16.184615384615384,15.0,16.5,16.5,16.5,2022-12-27,1815.23,29405.197,2
MBL004-02,LAMB BONELESS LEG (AUST-HILLSIDE/RYAN),2.0,13.600000000000001,12.9,13.600000000000001,14.3,12.9,2022-12-17,1020.4599999999999,13580.993999999999,1
MCA003,RAM CARCASE (WOODWARD-AUST),3.0,9.5,9.5,9.5,9.5,9.5,2022-12-14,251.7,2391.1499999999996,1
MCB001,MUTTON CUBE BONE IN 5kgX2pkt,1.0,8.5,8.5,8.5,8.5,8.5,2022-12-31,5.0,42.5,1
MCU001,MUTTON CUBE 5kgX2pkt,1.0,11.4,11.4,11.4,11.4,11.4,2022-12-14,10.0,114.0,1
MECHICKEN03,MARINATE CHICKEN MID JOINT 5KG/PKT,10.0,7.8,7.8,7.8,7.8,7.8,2022-12-26,50.0,390.0,1
MEPORK01,MARINATE PORK BELLY,4.0,5.7,5.7,5.7,5.7,5.7,2022-12-06,28.0,159.60000000000002,1
MFL001,MUTTON- LAMB FLAP BONE IN (ALLIANCE-AUST),3.0,7.8,7.8,7.8,7.8,7.8,2022-12-31,1080.0,8424.0,1
MFL003,MUTTON- LAMB FLAP BONE IN (KILDARE-AUST),6.0,7.8999999999999995,7.8,7.95,7.95,7.8,2022-12-31,4893.9,38546.505000000005,1
MFL004-02,MUTTON- LAMB FLAP BONE (WOODWARD),3.0,8.116666666666667,7.8,7.95,8.6,8.6,2022-12-08,2080.0,16498.0,2
MKI002,MUTTON- LAMB/MUTTON KIDNEY 15X1kg/ctns,4.0,6.8,6.8,6.8,6.8,6.8,2022-11-29,315.0,2142.0,1
MPL001,MUTTON PLUCK / MUTTON LIVER,8.0,4.725,4.6,4.8,4.8,4.6,2022-12-22,710.74,3322.556,2
MSC005,MUTTON- LAMB SHOULDER CHOP 19cm 2kg/pkt (HALAL),4.0,11.7,11.7,11.7,11.7,11.7,2022-12-02,34.0,397.8,1
MSC006,MUTTON- LAMB SHOULDER CHOP 19cm 2kg/pkt,1.0,11.7,11.7,11.7,11.7,11.7,2022-12-09,2.0,23.4,1
MSC007,MUTTON- LAMB LOIN CHOP 1.2CM 2KG/PKT,5.0,12.9,12.9,12.9,12.9,12.9,2022-12-16,22.0,283.8,1
MSS002,MUTTON- LAMB SHORT LOIN,1.0,10.0,10.0,10.0,10.0,10.0,2022-11-18,94.6,946.0,1
MSV002,SHEEP FEET,4.0,6.4,6.4,6.4,6.4,6.4,2022-12-14,50.15,320.96000000000004,1
MTR001,MUTTON TRIPE,4.0,4.0,4.0,4.0,4.0,4.0,2022-12-24,195.0,780.0,1
MTU001,MUTTON TRUNK 27.20kg/ctn,4.0,9.7975,8.5,10.195,10.3,8.5,2022-12-17,598.6,6024.1179999999995,2
MTU005,LAMB NECK PIECES FREW (MIDFIELD),6.0,5.550000000000001,4.1,5.8,6.0,4.1,2022-12-28,1970.37,10844.869999999999,2
MTU007,MUTTON- SHEEP HEAD (BRAIN & TONGUE),4.0,8.8,8.8,8.8,8.8,8.8,2022-11-22,24.5,215.60000000000002,1
OAB002,OTHER- ABALONE SLICED 300gmX40pkt (TAIWAN),4.0,1.9,1.9,1.9,1.9,1.9,2022-11-17,2100.0,3990.0,1
OAB004,OTHER- BRAISED CAN ABALONE 4-6pcs 425g 24can/ctns,1.0,7.5,7.5,7.5,7.5,7.5,2022-10-27,8.0,60.0,1
OAB011-02,OTHER- HALF SHELL ABALONE 29pcs/pkt x 10pkt/ctns,1.0,29.0,29.0,29.0,29.0,29.0,2022-10-01,10.0,290.0,1
OBA001,OTHER- LOBSTER BALL (FIGO) 500gm/pkt,8.0,3.04,3.04,3.04,3.04,3.04,2022-12-29,5200.0,15808.0,1
OBA006,OTHER- FISH BALL L 65pcs +/- 1kg/pkt,32.0,4.0,4.0,4.0,4.0,4.0,2022-12-31,1055.0,4220.0,1
OBA008,OTHER- FISH BALL WITH ROE 500gmx24pkt,5.0,6.3,6.3,6.3,6.3,6.3,2022-12-20,600.0,3780.0,1
OBA011,OTHER- FRIED FISH BALL (FIGO) 10x1KG/CTNS,1.0,4.43,4.43,4.43,4.43,4.43,2022-12-26,100.0,443.0,1
OBA018,OTHER- PORK MUSHROOM BALL 1KG/PKT,2.0,5.5,5.5,5.5,5.5,5.5,2022-12-31,110.0,605.0,1
OBC001,OTHER- CARROT DICED 2.5KGX4PKT/CTNS,1.0,1.55,1.55,1.55,1.55,1.55,2022-11-24,10.0,15.5,1
OBOX001,OTHER- FOAM BOX,1.0,1.5,1.5,1.5,1.5,1.5,2022-10-28,1340.0,2010.0,1
OBR001,OTHER- BROCCOLI FLORET (FARMLAND) 10X1KG/CTNS,7.0,1.9571428571428573,1.9,1.9,2.05,1.9,2022-12-09,1500.0,2930.0,2
OBS001,OTHER- FRIED BEANCURD SKIN 1KG/PKT (DOUKEE) A,13.0,8.200000000000001,8.2,8.2,8.2,8.2,2022-12-28,3510.0,28782.0,1
OCA002,OTHER- CAULIFORNIA MIX 10X1KG/CTNS,3.0,2.05,2.05,2.05,2.05,2.05,2022-12-19,170.0,348.49999999999994,1
OCH001,OTHER- SLICED CHEESE 84pcs (CHEF CHOICE),9.0,9.0,9.0,9.0,9.0,9.0,2022-12-19,193.0,1737.0,1
OCH002,OTHER- CHEDDAR CHEESE SHREDDED 2kg,4.0,11.25,11.25,11.25,11.25,11.25,2022-12-02,12.0,135.0,1
OCH003,OTHER- PARMESAN CHEESE GRATED 2KG/PKT,2.0,16.0,16.0,16.0,16.0,16.0,2022-12-17,8.0,128.0,2
OCH003-02,OTHER- PARMESAN CHEESE SHREDDED 1KG/PKT,1.0,16.0,16.0,16.0,16.0,16.0,2022-12-17,5.0,80.0,1
OCH004,OTHER- NACHO CHEESE SAUCE 12PKTX1L,8.0,4.725,4.72,4.725,4.73,4.72,2022-12-26,228.0,1077.0,1
OCK002,OTHER- MINI CHIKUWA 500GMX20pkt/ctns MUSHROOM,3.0,2.58,2.58,2.58,2.58,2.58,2022-12-21,260.0,670.8,1
OCL014,OTHER- MOUSSE CAKE - RED VELVET,1.0,20.0,20.0,20.0,20.0,20.0,2022-12-24,1.0,20.0,1
OCN002,OTHER- CHICKEN NUGGETS 18X400GM/CTNS,1.0,3.2,3.2,3.2,3.2,3.2,2022-11-28,90.0,288.0,1
OCN004,OTHER- CHICKEN NUGGETS (FARMPRIDE) 1kgX10pkt,1.0,5.0,5.0,5.0,5.0,5.0,2022-10-17,50.0,250.0,1
OCN005,OTHER- CHICKEN NUGGETS BATTER (FARMPRIDE) 500gmX18pkt,6.0,3.4,3.3,3.4,3.5,3.5,2022-12-27,990.0,3375.0,1
OCN006,OTHER- CHICKEN NUGGETS (FREEZE PAK) 9X1kg,2.0,5.77,5.77,5.77,5.77,5.77,2022-12-27,5400.0,31157.999999999996,1
OCN007,OTHER- CHICKEN NUGGETS 50PCS+/KG (KESKINOGLU-TURKEY) 10X1kg,1.0,2.85,2.85,2.85,2.85,2.85,2022-10-27,8000.0,22800.0,1
OCN008,OTHER- CHICKEN GOLDEN NUGGETS (AYAMAS) 850gm x 10 pkt,1.0,3.91,3.91,3.91,3.91,3.91,2022-12-15,1200.0,4692.0,1
OCP002,OTHER- CHICKEN BURGER BREADED (FARMPRIDE) 375gmX18pkt,4.0,2.8,2.6,2.8,3.0,3.0,2022-12-22,540.0,1512.0,1
OCP003,OTHER- CHICKEN PATTIES BREADED (FARMPRIDE) 500gmX18pkt,2.0,3.0,3.0,3.0,3.0,3.0,2022-10-28,360.0,1080.0,1
OCP003-02,OTHER- CHICKEN PATTIES BREADED (FARMPRIDE) 500gmX18pkt,3.0,3.5,3.5,3.5,3.5,3.5,2022-12-22,360.0,1260.0,1
OCP004-02,OTHER- CHICKEN PATTIES (PRIMO-ROSEMARY) 420gmX15pkt,5.0,4.4,4.4,4.4,4.4,4.4,2022-12-21,360.0,1584.0,1
OCP006,OTHER- CHICKEN BURGER PATTIES (SADIA) 320GM X 20PKT,1.0,2.99,2.99,2.99,2.99,2.99,2022-11-11,100.0,299.0,1
OCP006-02,CHICKEN BURGER PATTIES CLASSIC 20X320gm,3.0,3.0,3.0,3.0,3.0,3.0,2022-12-13,400.0,1200.0,1
OCP008,OTHER- UNBREADED CHICKEN PATTIES 7boxes/ctn*40pcs/box,2.0,15.8,15.8,15.8,15.8,15.8,2022-10-13,21.0,331.8,1
OCP009,OTHER- CHICKEN PATTY (KESKINOGLU-TURKEY) 10X1KG/CTNS,1.0,2.9,2.9,2.9,2.9,2.9,2022-10-27,1900.0,5510.0,1
OCS001,OTHER- CHAR SIEW CUBE,14.0,2.75,2.75,2.75,2.75,2.75,2022-12-31,1380.0,3795.0,1
OCS002,OTHER- CHAR SIEW CUBE 1KG/PKT,2.0,13.0,13.0,13.0,13.0,13.0,2022-12-31,35.0,455.0,2
ODB003-02,OTHER- LOTUS LEAF BUN 28g x 10's,5.0,1.4,1.4,1.4,1.4,1.4,2022-12-15,224.0,313.59999999999997,1
ODS001,OTHER- DOU JIE,1.0,3.0,3.0,3.0,3.0,3.0,2022-12-31,2.0,6.0,1
ODU007,OTHER- SOUP XIAO LONG BAO 1KG/PKT,2.0,11.54,11.54,11.54,11.54,11.54,2022-12-14,26.0,300.03999999999996,1
ODU010,OTHER- BIBIGO PORK GYOZA,1.0,2.6,2.6,2.6,2.6,2.6,2022-11-24,5.0,13.0,1
ODU016,OTHER- FISH & SOY ROLL 10S 300GMX30PKT/CTNS,9.0,1.54,1.54,1.54,1.54,1.54,2022-12-21,1380.0,2125.2,1
ODU018,OTHER- RING RING ROLL/SOYBEAN ROLL 168GM X 15PKT,5.0,2.45,2.45,2.45,2.45,2.45,2022-12-20,3150.0,7717.5,1
OEB001,OTHER- TOBIKO JAPAN 500GM/PKT,1.0,22.0,22.0,22.0,22.0,22.0,2022-12-02,2.0,44.0,1
OED001,OTHER- EDAMAME IN SHELL 400GM X 25PKT,10.0,1.1,1.1,1.1,1.1,1.1,2022-12-29,1900.0,2090.0,1
OED003,OTHER- EDAMAME BEAN (WITHOUT SHELL)  10X1KG/CTNS,8.0,3.4125,2.8,3.5,3.5,3.5,2022-12-31,510.0,1750.0,1
OEG001,OTHER- SALTED YELLOW YOLK 50PCS/TRAY,4.0,0.45,0.45,0.45,0.45,0.45,2022-12-09,4000.0,1800.0,1
OFC002,OTHER- FISH CAKE (LARGE) 10pcs/pkt,1.0,4.95,4.95,4.95,4.95,4.95,2022-11-08,5.0,24.75,1
OFC005,OTHER- THAI FISH CAKE FIGO 500gm/pkt x 20pkt/ctns,5.0,2.6,2.6,2.6,2.6,2.6,2022-12-26,600.0,1560.0,1
OFC006-02,OTHER- FISH CAKE - PANDAN FISH FACE 450gm X 20pkt (KANIKA),2.0,4.6,4.6,4.6,4.6,4.6,2022-12-23,100.0,460.0,1
OFF0010,OTHER- FRIES SWEET POTATO PLATTER (LAMB'S) 1/4' x 1/2',1.0,10.8,10.8,10.8,10.8,10.8,2022-10-01,10.0,108.0,1
OFF002-02,OTHER- F.FRIES SHOESTRING (GARDEN MAID) 10X1KG/CTNS,4.0,2.425,2.2,2.5,2.5,2.2,2022-11-11,13380.0,29886.000000000004,2
OFF003-03,OTHER- F.FRIES CRINKLE CUT (GARDEN MAID) 10X1KG/CTNS,1.0,2.2,2.2,2.2,2.2,2.2,2022-11-11,3600.0,7920.000000000001,1
OFF003-08,OTHER- F.FRIES CRINKLE CUT (NZ-SUNLITE) 6X2KG/CTNS,3.0,2.6,2.6,2.6,2.6,2.6,2022-10-22,780.0,2028.0,1
OFF004,OTHER- F.FRIES STRAIGHT CUT 5X2KG/CTNS,1.0,2.9,2.9,2.9,2.9,2.9,2022-12-02,20.0,58.0,1
OFF004-03,OTHER- F.FRIES SHOESRING (FARMLAND) 1X10pkt,9.0,3.5,3.5,3.5,3.5,3.5,2022-12-29,1050.0,3675.0,1
OFF004-04,OTHER- F.FRIES COATED STRAIGHT CUT 5X2KG/CTNS (FARMCHEF),1.0,5.8,5.8,5.8,5.8,5.8,2022-10-01,5.0,29.0,1
OFF005-01,OTHER- SEASONED WEDGE (LAMB WESTON) 12X1KG/CTNS,5.0,5.1659999999999995,4.83,5.25,5.25,5.25,2022-12-22,540.0,2784.6,1
OFF006-01,OTHER- POTATOES CUTLET (BERGEDIL) 12PCSX40G,1.0,3.0,3.0,3.0,3.0,3.0,2022-11-24,24.0,72.0,1
OFF006-03,OTHER- F.FRIES CRISS CROSS  (CROKKN BATTERED) 4 X 2.5KG/CTNS,7.0,8.75,8.75,8.75,8.75,8.75,2022-12-31,124.0,1085.0,1
OFF010,OTHER- TWISTER FRIES/CURLY FRIES (LAMB WESTERN) 5lb X 6pkt,3.0,13.0,13.0,13.0,13.0,13.0,2022-12-24,66.0,858.0,1
OFL001,OTHER- FROG LEG 10X1KG/CTNS,5.0,12.0,12.0,12.0,12.0,12.0,2022-11-15,500.0,6000.0,1
OFL002,OTHER- FRESH WHOLE FROG,2.0,23.0,23.0,23.0,23.0,23.0,2022-11-30,5.1,117.30000000000001,2
OFL002-02,OTHER- FROG LEG (PAN ROYAL) 6/8pcs /LB 500gm x 20pkt,4.0,4.75,4.75,4.75,4.75,4.75,2022-12-27,710.0,3372.5,1
OFP004,OTHER- FISH PATTIES 32pcs (SAHIR)AAA 6pkt/ctn,9.0,7.5,7.5,7.5,7.5,7.5,2022-12-30,480.0,3600.0,1
OFS001,OTHER- CRISPY FISH SKIN 600gm/pkt,3.0,8.12,8.12,8.12,8.12,8.12,2022-12-31,64.0,519.68,1
OFS003,OTHER- FISH MAW 1KG,1.0,30.0,30.0,30.0,30.0,30.0,2022-12-15,0.2,6.0,1
OHA002,OTHER- CHICKEN PICNIC HAM SLICED 1kg,2.0,5.8,5.8,5.8,5.8,5.8,2022-12-06,150.0,870.0,1
OHA004,OTHER- ITALY PARMA HAM PRESLICED 90GM,1.0,6.0,6.0,6.0,6.0,6.0,2022-12-09,50.0,300.0,1
OHB001-02,OTHER- HASH BROWN (FAIRISLE/SIMPLOT) 20pcs 12pkt/ctn,4.0,4.55,3.2,5.0,5.0,3.2,2022-12-14,552.0,2738.4,2
OHB001-03,OTHER- HASH BROWN (DEL CAMPO) 20pcs 12pkt/ctn,1.0,4.01,4.01,4.01,4.01,4.01,2022-11-11,5040.0,20210.399999999998,1
OHB002,OTHER- HASH BROWN TRI TATERS (SIMLOT) 2.27kgX6pkt,1.0,9.17,9.17,9.17,9.17,9.17,2022-10-01,60.0,550.2,1
OHB003,OTHER- HASH BROWN TRI TATERS (MAESTRO) 2.5kgX4pkt,8.0,8.5,8.5,8.5,8.5,8.5,2022-12-20,236.0,2006.0,1
OHD001,OTHER- HOT DOG 340gm (PERDIX) 24pkt/ctn,8.0,0.89625,0.89,0.9,0.9,0.89,2022-12-22,19680.0,17647.2,2
OHD0011,OTHER- C.COCKTAIL CHEESE SAUSAGE 12X1KG/PKT,3.0,9.0,9.0,9.0,9.0,9.0,2022-10-18,360.0,3240.0,1
OHD0012,OTHER- C.COCKTAIL CHEESE SAUSAGE 20X500KG/CTNS,14.0,3.6000000000000005,3.6,3.6,3.6,3.6,2022-12-23,9100.0,32760.0,1
OHD002,OTHER- HOT DOG 340gm (KESKINOGLU-TURKEY) 24pkt/ctn,1.0,0.6,0.6,0.6,0.6,0.6,2022-10-27,38400.0,23040.0,1
OHD004,OTHER- HOT DOG 340gm (SADIA) 24pkt/ctn,4.0,1.0,1.0,1.0,1.0,1.0,2022-12-28,5160.0,5160.0,1
OHD006,OTHER- CHICKEN CHEESE SAUSAGE 32X235GM/CTNS,3.0,1.75,1.75,1.75,1.75,1.75,2022-12-04,1120.0,1960.0,1
OHD007-01,OTHER- HOT DOG 300gm (BLACK PEPPER-AYAMAS) 32pkt/ctn,1.0,1.5,1.5,1.5,1.5,1.5,2022-12-15,1792.0,2688.0,1
OHD008,OTHER- HOT DOG 340gm (VALLEY CHEF) 32pkt/ctn,2.0,2.35,2.35,2.35,2.35,2.35,2022-12-06,960.0,2256.0,1
OHD012,OTHER- PORK SAUSAGE WITH CORN,4.0,3.0,3.0,3.0,3.0,3.0,2022-11-04,190.0,570.0,1
OHD012-03,OTHER- PORK SMOKED SAUSAGE WITH SALTED EGG,3.0,3.5,3.5,3.5,3.5,3.5,2022-11-04,200.0,700.0,1
OHD012-04,OTHER- PORK SMOKED SAUSAGE ORIGINAL,12.0,0.6083333333333333,0.6,0.6,0.7,0.6,2022-12-31,1240.0,754.0,1
OHD012-05,OTHER- PORK SAUSAGE,4.0,1.5,1.5,1.5,1.5,1.5,2022-11-04,250.0,375.0,1
OHD022,OTHER- PORK CHORIZO 1KG/PKT,1.0,10.8,10.8,10.8,10.8,10.8,2022-12-23,1.0,10.8,1
OHD026,OTHER- PORK BRATWURST GERMANY SAUSAGE 1KG/PKT,1.0,10.8,10.8,10.8,10.8,10.8,2022-12-23,4.0,43.2,1
OHD027,OTHER- CHICKEN VIENNA 6' 50gm/pcs 20pcs/pkt,2.0,6.5,6.5,6.5,6.5,6.5,2022-12-30,22.0,143.0,1
OKA002,OTHER- CHICKEN KARAAGE 18X400GM/CTNS,6.0,4.066666666666666,3.8,4.2,4.2,4.2,2022-12-30,432.0,1771.2,1
OKR001,OTHER- KOEAN RICE CAKE (TTEOKBBOKY) 600GM X 12PKT,5.0,2.6,2.6,2.6,2.6,2.6,2022-12-20,180.0,468.00000000000006,1
OKR003,OTHER- GLUTINOUS RICE CAKE (260g),3.0,2.43,2.43,2.43,2.43,2.43,2022-12-14,1520.0,3693.6,1
OMO002,OTHER- MOZZ SHREDDED 2kgX6pkt,4.0,9.0,9.0,9.0,9.0,9.0,2022-12-19,80.0,720.0,1
OMO005,OTHER- MOZZARELLA STICK BREADED ORGINAL 12PCS/PKT X 24PKT/CTNS,2.0,4.2,4.2,4.2,4.2,4.2,2022-10-25,144.0,604.8000000000001,1
OMO006,OTHER- MOZZARELLA STICK BREADED ORGINAL 10X1KG,1.0,15.0,15.0,15.0,15.0,15.0,2022-12-31,30.0,450.0,1
OMR001,OTHER- FRAGRANCE MEAT ROLL 50pcs/pkt,13.0,0.31,0.31,0.31,0.31,0.31,2022-12-31,6500.0,2015.0,1
OMR002,OTHER- CHICKEN BALL 50PCS/PKT,24.0,5.0,5.0,5.0,5.0,5.0,2022-12-24,415.0,2075.0,1
OMR003,OTHER- CHICKEN CHUNKY MEATBALL 100's 1kg/pkt,2.0,6.2,6.2,6.2,6.2,6.2,2022-11-11,30.0,186.0,1
OMT001,OTHER- MAN TOU 12pcs 180gm X 24pkt,2.0,1.0,1.0,1.0,1.0,1.0,2022-12-19,3072.0,3072.0,1
OOI004,OTHER- COOKING OIL RED TIN GW16KG,3.0,24.116666666666664,23.65,24.25,24.45,24.25,2022-12-23,900.0,21705.0,1
OOI006-01,OTHER- WHITE ROCK SUGAR 3KG/PKT,1.0,5.5,5.5,5.5,5.5,5.5,2022-10-01,1.0,5.5,1
OOI013C,OTHER- BLACK TRUFFLE PASTE (TARTUFI JIMMY) 500GM/JAR,1.0,15.5,15.5,15.5,15.5,15.5,2022-12-02,2.0,31.0,1
OOI019,OTHER- HONEY 1KG/TUB,3.0,4.0,4.0,4.0,4.0,4.0,2022-10-28,14.0,56.0,1
OOR006,OTHER- ONION RING (LAMB WESTERN/SIMPLOT-BABY STAR) 2lbX8pkt,11.0,5.0,5.0,5.0,5.0,5.0,2022-12-28,1720.0,8600.0,1
OOW001,OTHER- OCTOPUS BABY 20/40 (FROZEN-CLEAN) 500GMX20PKT,2.0,7.75,7.3,7.75,8.2,8.2,2022-12-23,150.0,1185.0,2
OPA001,OTHER- SHRIMP PASTE 2kg/pkt,2.0,18.4,18.4,18.4,18.4,18.4,2022-12-23,60.0,1104.0,1
OPA002,OTHER- FISH PASTE 1KG/PKT,3.0,3.85,3.85,3.85,3.85,3.85,2022-12-28,23.0,88.55,1
OPC001,OTHER- CHICKEN WITH PANDAN LEAF 50nos/ctns,13.0,35.0,35.0,35.0,35.0,35.0,2022-12-28,95.0,3325.0,1
OPLANT002,OTHER- PLANT BASED CRISPY BITES FIRST PRIDE,3.0,2.273333333333333,2.22,2.3,2.3,2.3,2022-10-25,36.0,81.84,1
OPLANT003,OTHER- PLANT BASED STRPIS FIRST PRIDE,3.0,2.273333333333333,2.22,2.3,2.3,2.3,2022-10-25,48.0,109.44,1
OPLANT004,OTHER- PLANT BASED SPICY NUGGETS FIRST PRIDE,3.0,2.273333333333333,2.22,2.3,2.3,2.3,2022-10-25,36.0,81.84,1
OPN001,OTHER- PRAWN NUTS 1kg/pkt,31.0,12.509677419354842,12.3,12.3,12.8,12.8,2022-12-31,118.0,1484.4,1
OPO001,OTHER- CHICKEN POPCORN PREMIUM FIRST 10X1KG,2.0,7.7,7.7,7.7,7.7,7.7,2022-10-29,130.0,1001.0,1
OPO001-03,OTHER- CHICKEN POPCORN HOT & SPICY 18X400GM/CTNS,2.0,3.95,3.95,3.95,3.95,3.95,2022-11-28,144.0,568.8,1
OPO002,OTHER- CHICKEN FRIED CRISPY (AYAMAS) 850gmX10pkt,4.0,4.65,4.65,4.65,4.65,4.65,2022-12-21,350.0,1627.5000000000002,1
OPO002-05,OTHER- FRIED CHICKEN 12X600GM/CTNS,3.0,6.95,6.85,7.0,7.0,7.0,2022-12-22,156.0,1086.6,1
OPO003,OTHER- CHICKEN BUFFALO WING 450gmX12pkt (FARMPRIDE),10.0,4.16,3.8,4.25,4.25,4.25,2022-12-28,1920.0,7971.0,1
OPO003-01,OTHER- CHICKEN BUFFALO WING 1kgX10pkt (FARMPRIDE),8.0,7.875,7.5,8.0,8.0,8.0,2022-12-14,800.0,6325.0,1
OPO003-02,OTHER- NASI LEMAK CHICKEN WING 400GMX12PKT/CTNS,2.0,3.6,3.6,3.6,3.6,3.6,2022-10-25,96.0,345.6,1
OPO003-06,OTHER- CHICKEN BUFFALO WING STICK 18X350GM/CTNS,3.0,3.966666666666667,3.95,3.95,4.0,3.95,2022-12-07,234.0,927.0,1
OPO004,OTHER- CHICKEN DRUMMETS BREADED HOT & SPICY 850gmX10pkt,11.0,5.85,5.85,5.85,5.85,5.85,2022-12-21,900.0,5265.0,1
OPO004-03,OTHER- CHICKEN DRUMMETS BREADED GARLIC 350gmX20pkt,1.0,3.1,3.1,3.1,3.1,3.1,2022-12-07,100.0,310.0,1
OPO004-04,OTHER- CHICKEN DRUMMETS **JUMBO**,1.0,5.2,5.2,5.2,5.2,5.2,2022-12-15,800.0,4160.0,1
OPO005,OTHER- CHICKEN FRIED CRISPY RED HOT (AYAMAS) 850gmX10pkt,7.0,4.6499999999999995,4.65,4.65,4.65,4.65,2022-12-21,600.0,2790.0000000000005,1
OPO005-02,OTHER- CHICKEN FINGERS HOT & SPICY 800gmX14pkt,1.0,3.9,3.9,3.9,3.9,3.9,2022-12-15,1680.0,6552.0,1
OPO006,OTHER- CHICKEN POPCORN (FARMPRIDE) 10X1KG/CTNS,5.0,7.4799999999999995,7.0,7.8,7.8,7.8,2022-12-30,350.0,2570.0,1
OPO006-02,OTHER- CHICKEN POPCORN HOT & SPICY 400gmX12pkt,6.0,3.7000000000000006,3.5,3.8,3.8,3.8,2022-12-21,780.0,2856.0,1
OPO006-03,OTHER- CHICKEN POPCORN (FARMPRIDE) 400gmX12pkt,14.0,3.914285714285714,3.7,4.0,4.0,4.0,2022-12-30,1440.0,5580.0,1
OPO006-04,OTHER- CHICKEN POPCORN HOT & SPICY 10X1KG/CTNS,2.0,8.0,8.0,8.0,8.0,8.0,2022-12-30,100.0,800.0,1
OPO008,OTHER- CHICKEN DRUMMETS BREADED ORIGINAL 850gmX10pkt,14.0,5.849999999999999,5.85,5.85,5.85,5.85,2022-12-30,1200.0,7020.0,1
OPO011,OTHER- SUPER CRISPY CHICKEN (CS TAY) 1X6KG/CTNS,7.0,8.5,8.5,8.5,8.5,8.5,2022-12-22,198.0,1683.0,1
OPO013-01-01,OTHER- CHICKEN BREADED MID WING (FARMPRIDE) 10X1kg/ctn,3.0,7.0,7.0,7.0,7.0,7.0,2022-10-28,250.0,1750.0,1
OPO013-02,OTHER- CHICKEN BREADED MID WING (FARMPRIDE) 20X350gm/ctn,2.0,2.6,2.2,2.6,3.0,3.0,2022-12-07,120.0,344.0,2
OPO013-06,OTHER- TEXAS WING (FARMPRIDE) 12x350gm,9.0,3.5888888888888895,3.2,3.7,3.7,3.7,2022-12-22,516.0,1849.2,1
OPO015-03,OTHER- CRISPY CHICKEN STRIPES 18X350GM/CTNS,3.0,3.9500000000000006,3.95,3.95,3.95,3.95,2022-12-10,198.0,782.1,1
OPO017,OTHER- HONEY ROASTED CHICKEN LEG 400gmX12pkt,4.0,4.2,4.2,4.2,4.2,4.2,2022-10-25,192.0,806.4000000000001,1
OPO020,OTHER- CHICKEN BREAST PEPPER GRILLED 300gm X20pkt,1.0,2.8,2.8,2.8,2.8,2.8,2022-10-08,100.0,280.0,1
OPO021-05,OTHER- SICHUN MALA WING 12pkt x 400gm,1.0,3.5,3.5,3.5,3.5,3.5,2022-10-25,36.0,126.0,1
OPO021-06,OTHER- GRILLED CHICKEN TENDER 18X400GM/CTNS,1.0,3.95,3.95,3.95,3.95,3.95,2022-11-14,90.0,355.5,1
OPO024,OTHER- CHICKEN CHUNKS MALA 12X300GM,2.0,3.5,3.5,3.5,3.5,3.5,2022-11-22,120.0,420.0,1
OPO024-01,OTHER- CHICKEN CHUNKS MALA 10X1KG,2.0,7.2,7.2,7.2,7.2,7.2,2022-12-21,100.0,720.0,1
OPO024-02,OTHER- GARLIC PARMESAN CHICKEN CHUNKS 400GM X 20PKT/CTNS,1.0,4.2,4.2,4.2,4.2,4.2,2022-12-22,20.0,84.0,1
OPO024-03,OTHER- HONEY SOY N GINGER CHICKEN CHUNKS 400GM X 20PKT/CTNS,2.0,4.0,4.0,4.0,4.0,4.0,2022-12-20,40.0,160.0,1
OPR003-02,OTHER- ROTI PRATA PLAIN (KAWAN) 40PKT X 5PCS X 80GM/PKT,1.0,1.28,1.28,1.28,1.28,1.28,2022-12-21,40.0,51.2,1
OPR006,OTHER- PIZZA FUNGHI CHAMPIGNON 12X215GM,5.0,2.4,2.4,2.4,2.4,2.4,2022-12-23,60.0,144.0,1
OPR007,OTHER- PIZZA MARGHERITA 12X210GM,5.0,2.3,2.3,2.3,2.3,2.3,2022-12-05,60.0,138.0,1
OPR008,OTHER- PIZZA ROCKET & TOMATO 12X225GM,6.0,2.4,2.4,2.4,2.4,2.4,2022-12-23,72.0,172.79999999999998,1
OPR009,OTHER- PIZZA TRUFFLE 12X215GM,6.0,2.6,2.6,2.6,2.6,2.6,2022-12-22,72.0,187.20000000000002,1
ORM008,OTHER- INSTANT NOODLES - E ZEE,8.0,17.0,17.0,17.0,17.0,17.0,2022-12-24,80.0,1360.0,1
OSA002,OTHER- TAIWAN SAUSAGE 10pcs 500gm+-/pkt 40pkt/ctns,19.0,4.7,4.7,4.7,4.7,4.7,2022-12-27,13600.0,63920.0,1
OSA005,OTHER- TAIWAN PORK SAUSAGE 500gm/pkt,4.0,4.4,4.4,4.4,4.4,4.4,2022-12-20,500.0,2200.0,1
OSA005-02,OTHER- TAIWAN CHICKEN SAUSAGE (SHORT) 500gmX20pkt/ctns,8.0,4.4125000000000005,4.4,4.4,4.5,4.4,2022-12-30,760.0,3354.0000000000005,1
OSA005-03,OTHER- PORK SAUSAGE 6INCH 20X1KG/CTNS,1.0,7.0,7.0,7.0,7.0,7.0,2022-10-01,20.0,140.0,1
OSBS02-01,OTHER- STKY BACON SLICED (USA-ASC) 5x2kg/ctn,7.0,8.428571428571429,8.0,8.0,10.0,8.5,2022-12-22,1880.0,15540.0,2
OSC001,OTHER- SEAWEED CHICKEN 1kgX10pkt,3.0,10.766666666666666,9.7,11.3,11.3,9.7,2022-12-19,300.0,3230.0,1
OSC002,OTHER- SEAWEED CHICKEN PREMIUM FIRST,2.0,8.75,8.75,8.75,8.75,8.75,2022-11-28,480.0,4200.0,1
OSM001,OTHER- CURRY SAMOSA 20gmX96pcsX8box,1.0,9.0,9.0,9.0,9.0,9.0,2022-12-06,40.0,360.0,1
OSO004,OTHER- SOUP CLAM 500GM/PKT,3.0,4.0,4.0,4.0,4.0,4.0,2022-10-27,700.0,2800.0,1
OSP002,OTHER- SPINACH LEAF BALL (CHINA ) 10kgX1pkt,2.0,1.9,1.9,1.9,1.9,1.9,2022-11-21,80.0,152.0,1
OSR001,OTHER- CRISPY FOUR SEASON ROLL 5's 10x1kg/pkt,1.0,6.5,6.5,6.5,6.5,6.5,2022-12-22,20.0,130.0,1
OSR002,OTHER- VEGETABLE MINI ROLL 96pcs 8pkt/ctn,9.0,8.222222222222221,8.0,8.0,9.0,9.0,2022-12-31,344.0,2768.0,2
OSR002-04,OTHER- VEGETABLE MINI ROLL 20gX20pcX20pkt/ctns,1.0,2.1,2.1,2.1,2.1,2.1,2022-12-26,100.0,210.0,1
OSR007,OTHER- COWHEAD ORIGINAL WRAPS 12PKT X 12PCS,5.0,2.5,2.5,2.5,2.5,2.5,2022-12-22,60.0,150.0,1
OSS002,OTHER- MAYONNAISE 4X3L/CTNS,1.0,16.0,16.0,16.0,16.0,16.0,2022-10-22,4.0,64.0,1
OTO001,OTHER- CHEESE TOFU FIGO (500gm x 20pkt),13.0,3.0399999999999996,3.04,3.04,3.04,3.04,2022-12-29,10000.0,30400.0,1
OTO001-02,OTHER-  LAYERED BEANCURD 400GMx30PKT/CTNS,6.0,0.83,0.83,0.83,0.83,0.83,2022-12-30,1500.0,1245.0,1
OTO004,OTHER- SEAFOOD TOFU FIGO (500gm x 20pkt),6.0,3.0399999999999996,3.04,3.04,3.04,3.04,2022-12-26,3000.0,9120.0,1
OTO004-02,OTHER- EN CHEESE SHRIMP FIGO (500gm x 20pkt),9.0,3.3,3.3,3.3,3.3,3.3,2022-12-29,900.0,2970.0,1
OTO007,OTHER- OTAK FISH 180GM (100pkt/ctn),9.0,2.3,2.3,2.3,2.3,2.3,2022-12-26,3000.0,6900.0,1
OTO008-02,OTHER- OTAK BUN 6pc/pkt X 12pkt/ctns,3.0,2.56,2.56,2.56,2.56,2.56,2022-12-09,240.0,614.4,1
OTS002,OTHER - PORK LUNCHEON MEAT 6X1.81KG/CAN (MIDLAND-SQUARE),20.0,8.5,8.5,8.5,8.5,8.5,2022-12-31,1518.0,12903.0,1
OTU001,OTHER- WHOLE TURKEY 5KG/PCS,1.0,10.5,10.5,10.5,10.5,10.5,2022-12-12,13.8,144.9,1
OWC001,OTHER- WHIPPING CREAM WEST GOLD 12X1L/ctns,2.0,6.0,6.0,6.0,6.0,6.0,2022-11-18,24.0,144.0,1
OWS0002,OTHER- WASABI MINI PKT 2.6GM/SACHETS,1.0,0.05,0.05,0.05,0.05,0.05,2022-11-23,1000.0,50.0,1
OYR001,OTHER- FRIED YAM RING 230gm,8.0,3.875,3.8,3.8,4.0,4.0,2022-12-31,137.0,543.0,3
PBAK01,TRADITIONAL BBQ BAK GUA 500gm/pkt,4.0,20.0,20.0,20.0,20.0,20.0,2022-12-31,216.0,4320.0,1
PBAK03,BBQ BAK GUA - CHILLI 500gm/pkt,2.0,20.0,20.0,20.0,20.0,20.0,2022-12-31,5.0,100.0,1
PBAK05,TRADITIONAL BBQ BAK GUA - SLICED 500gm/pkt,2.0,20.0,20.0,20.0,20.0,20.0,2022-12-31,58.0,1160.0,1
PBAL01,PORK MEAT BALL 100pcs 1kg/pkt,16.0,6.8,6.8,6.8,6.8,6.8,2022-12-31,2050.0,13940.0,1
PBAL02,PORK BALL 120pcs 1kg/pkt,7.0,6.799999999999999,6.8,6.8,6.8,6.8,2022-12-24,380.0,2584.0,1
PBAL03,PORK BALL (LION DANCE) 100'S/KG,15.0,8.5,8.5,8.5,8.5,8.5,2022-12-31,1400.0,11900.0,1
PBAL04,PORK BALL WITH FILLING - ORIGINAL,1.0,10.0,10.0,10.0,10.0,10.0,2022-11-15,3.0,30.0,1
PBAL06,PORK BALL LION DANCE 60'S/KG,11.0,8.5,8.5,8.5,8.5,8.5,2022-12-31,150.0,1275.0,1
PBEL05-03,PORK BELLY DALIA,1.0,4.5,4.5,4.5,4.5,4.5,2022-10-22,679.84,3059.28,1
PBEL05-09,PORK BELLY SHEET RIBBED AURORA 25KG/CTNS,1.0,4.8,4.8,4.8,4.8,4.8,2022-11-22,2000.0,9600.0,1
PBEL05-11,PORK BELLY SINGLE RIBBED SKIN-ON (ALIBEM-BRAZIL),3.0,4.8,4.7,4.7,5.0,5.0,2022-12-05,3507.66,16764.294,1
PBEL05-17,PORK BELLY SEARA,1.0,4.9,4.9,4.9,4.9,4.9,2022-12-28,54.72,268.128,1
PBEL05-20,PORK BELLY (COOPAVEL-BRAZIL),6.0,4.3,4.3,4.3,4.3,4.3,2022-10-21,4708.57,20246.851,1
PBEL05-21,PORK BELLY PAMPLONA (BRAZIL),5.0,4.85,4.7,4.95,4.95,4.95,2022-12-19,6121.790000000001,29587.890500000005,2
PBEL05-22,PORK BELLY (BOSELER-GERMANY),5.0,3.332,2.0,2.0,5.33,5.33,2022-11-29,49320.89,262700.2573,2
PBEL05-23,PORK BELLY (LANGUIRU-BRAZIL),7.0,4.678571428571429,4.17,4.7,5.0,4.18,2022-12-27,61558.880000000005,262101.78999999998,3
PBEL05-25,PORK BELLY SHEET RIBBED (PALMALI-BRAZIL),1.0,5.1,5.1,5.1,5.1,5.1,2022-12-14,90.62,462.162,1
PBEL06-02,PORK BELLY SINGLE SKINLESS (BOSELER-GERMANY) 20X50,1.0,6.3,6.3,6.3,6.3,6.3,2022-12-10,24906.21,156909.123,1
PBEL06-04,PORK BELLY SKINLESS TONNIE,1.0,3.5,3.5,3.5,3.5,3.5,2022-12-30,236.04,826.14,1
PBEL19-04,PORK BELLY IBERICO SLICE 2MM 300GM 20PK/CTN,2.0,7.8,7.8,7.8,7.8,7.8,2022-12-29,40.0,312.0,1
PBEL26,PORK BELLY VALUE PACK 500gmX20pkt,2.0,4.35,4.35,4.35,4.35,4.35,2022-10-17,360.0,1566.0,1
PBEL26-02,PORK BELLY VALUE PACK (KURO) 500gmX20pkt,8.0,4.9,4.9,4.9,4.9,4.9,2022-12-22,1260.0,6174.000000000001,1
PBEL34,CHESTNUT SR BELLY BL RIND ON-SD000073,10.0,11.0,11.0,11.0,11.0,11.0,2022-12-31,561.7,6178.7,1
PBRB04-02,PORK BRISKET BONE (SMITHFIELD-USA) 13.6kg/ctn,2.0,51.72,51.72,51.72,51.72,51.72,2022-12-28,100.0,5172.0,1
PBRB11,PORK BRISKET BONE (SWIFT),1.0,3.85,3.85,3.85,3.85,3.85,2022-12-30,1695.15,6526.3275,1
PBRO01,PORK- ROASTED PORK BELLY,2.0,15.835,15.0,15.835,16.67,16.67,2022-12-13,19.0,300.03000000000003,1
PCHI04,PORK LARGE CHITTERING COOKED SE 3X6KG/CTNS,7.0,3.6000000000000005,3.6,3.6,3.6,3.6,2022-12-20,1980.0,7128.0,1
PCHI07,PORK CHITTELING 18KG/CTNS,2.0,3.7,3.7,3.7,3.7,3.7,2022-11-28,72.0,266.40000000000003,1
PCHO03,PORK CHOP 5KG/PKT,1.0,8.3,8.3,8.3,8.3,8.3,2022-10-28,10.0,83.0,1
PCHO05,PORK CHOP (KURO) 250gmX20pkt,1.0,2.5,2.5,2.5,2.5,2.5,2022-12-13,60.0,150.0,1
PCHO08,PORK CHOP 1.5CM 2KG/PKT,1.0,10.6,10.6,10.6,10.6,10.6,2022-12-17,5.0,53.0,1
PCOL02,PORK COLLAR (SULINA-3975) 12kg/ctn,28.0,3.9285714285714293,3.5,3.9,4.2,3.7,2022-12-22,20724.0,80558.4,5
PCOL03,PORK COLLAR (PIF PAF) 20KG/CTNS,9.0,3.9033333333333338,3.43,4.0,4.2,3.43,2022-12-16,31900.0,112195.0,4
PCOL09,PORK COLLAR (AURORA) 10KG/CTNS,1.0,3.9,3.9,3.9,3.9,3.9,2022-10-27,650.0,2535.0,1
PCOL10-01,PORK COLLAR IBERICO (JARMONDOR-SPAIN),3.0,19.666666666666668,19.0,19.0,21.0,21.0,2022-12-21,109.89,2171.73,2
PCOL10-02,PORK COLLAR CS IBERICO STEAK CUT 20PK/CTN,2.0,8.6,8.6,8.6,8.6,8.6,2022-12-30,40.0,344.0,1
PCOL10-06,PORK COLLAR IBERICO SLICE 2MM 300GM 20PK/CTN,3.0,8.3,8.3,8.3,8.3,8.3,2022-12-29,60.0,498.0,1
PCUB04,PORK SWEET & SOUR VALUE PACK 500gm X 20pkt,3.0,4.0,4.0,4.0,4.0,4.0,2022-12-22,180.0,720.0,1
PEAR02,PORK EARFLAPS (BURN HAIR-ONLY EARFLAP),11.0,4.5,4.5,4.5,4.5,4.5,2022-12-27,4725.0,21262.5,1
PFAT01-02,PORK FATS 25kg/ctn (PCS PROCESSING),1.0,1.3,1.3,1.3,1.3,1.3,2022-10-21,1760.0,2288.0,1
PFAT04,PORK BACK FAT TONNIES,5.0,2.8,2.8,2.8,2.8,2.8,2022-12-28,8125.0,22750.0,1
PFAT10,PORK CUTTING FAT,1.0,2.29,2.29,2.29,2.29,2.29,2022-12-30,24988.62,57223.9398,1
PFEE01-05,PORK- PORK FRONT TROTTER (EXCCELENCIA-BRAZIL) 20KG/CTNS,7.0,2.0885714285714285,1.42,2.2,2.2,2.2,2022-11-07,14800.0,24760.000000000004,2
PFER06,PORK BONE (COSTA-SPAIN),1.0,0.6,0.6,0.6,0.6,0.6,2022-11-17,390.0,234.0,1
PHEA04,PORK HEARTS (BERNARD) 10kg/ctn,6.0,2.5,2.5,2.5,2.5,2.5,2022-12-31,1250.0,3125.0,1
PHES01,PORK- PIG MASK (OJJ),1.0,1.8,1.8,1.8,1.8,1.8,2022-10-28,77.0,138.6,1
PHES02,PORK- PIG MASK WITH MEAT - BIG (TL / JMS) 5PCS/CTNS,46.0,3.4478260869565216,2.3,3.5,3.5,3.5,2022-12-29,2745.0,9427.5,2
PHOC05,PORK FRONT HOCK OLYMEL-CANADA 15KG/CTNS,2.0,2.3049999999999997,2.3,2.3049999999999997,2.31,2.3,2022-10-18,54000.0,124470.0,1
PHOC05-01,PORK HOCK (SULINA) 20kg/ctn,1.0,2.36,2.36,2.36,2.36,2.36,2022-10-11,27680.0,65324.799999999996,1
PIGB02,PORK- PIG BRAIN (PCS) 3PCS/BOX,4.0,0.6499999999999999,0.5,0.7,0.7,0.7,2022-11-12,328.0,222.39999999999998,1
PJOW10,PORK JOWL BOSELER 5KG/CTN,4.0,11.5,11.5,11.5,11.5,11.5,2022-12-31,1220.0,14030.0,1
PKID03,PORK KIDNEY  (SCAN HK) 10KG,6.0,1.9083333333333332,1.6,1.8,2.45,2.45,2022-12-28,2400.0,4515.0,3
PLEG01,PORK LEG (FRIMESA 90CL-SA) 25kg/ctn,1.0,3.47,3.47,3.47,3.47,3.47,2022-12-30,27000.0,93690.0,1
PLEG03,PORK LEG (ALEGRA-SA),2.0,3.3,3.3,3.3,3.3,3.3,2022-11-11,55996.57000000001,184788.68099999998,1
PLEG05-03,PORK LEG (SULINA) 18kg/ctns,5.0,3.4299999999999997,3.4,3.4,3.5,3.5,2022-10-31,36900.0,127660.5,1
PLEG05-04,PORK LEG (SPAIN),5.0,2.2,2.2,2.2,2.2,2.2,2022-11-17,98.75,217.25,1
PLEM02,PORK LEG MUSCLE 500gm X 20pkt,5.0,7.5,7.5,7.5,7.5,7.5,2022-12-20,260.0,1950.0,1
PLES06,PORK LEAN VALUE PACK 500gmX20pkt,1.0,3.5,3.5,3.5,3.5,3.5,2022-12-12,60.0,210.0,1
PLIV03,PORK LIVER (HK SCAN) 10kg/ctn,18.0,2.4,2.3,2.4,2.5,2.4,2022-12-30,15460.0,37129.0,4
PLIV05,HEART PROTECTING MEAT (LIVER),1.0,4.7,4.7,4.7,4.7,4.7,2022-12-30,20.0,94.0,1
PLIV07,PORK LIVER (FOOD FAMILY) 10KG/CTNS,6.0,2.35,2.25,2.3,2.5,2.25,2022-12-21,5410.0,12695.0,2
PLIV08,PORK LIVER (SEARA) 15KG/CTNS,1.0,2.2,2.2,2.2,2.2,2.2,2022-12-15,300.0,660.0,1
PLOI01,PORK LOIN (SULINA) 18kg/ctn,1.0,4.0,4.0,4.0,4.0,4.0,2022-12-30,4320.0,17280.0,1
PLOI04,PORK LOIN (FRIMESA-SA) 25kg/ctn,2.0,3.9,3.9,3.9,3.9,3.9,2022-12-23,1620.0,6318.0,1
PLOI07,PORK LOIN BONELESS 500gmX20pkt,3.0,4.066666666666666,3.8,4.2,4.2,4.2,2022-12-13,180.0,732.0,1
PLOI10,PORK LOIN MINCED / TRIMMING,2.0,2.65,2.5,2.65,2.8,2.8,2022-11-16,1500.0,3990.0,1
PLOR01-02,PORK LOIN RIB (AURORA) 10kg/ctn,1.0,7.5,7.5,7.5,7.5,7.5,2022-12-16,30.0,225.0,1
PLOR01-06,PORK LOIN RIB (SEARA) 10KG,21.0,4.857142857142857,2.0,5.0,5.0,5.0,2022-12-27,11430.0,57060.0,2
PLOR03,PORK BABY BACK RIBS MARINATED - HONEY 1PCS/PKT,3.0,7.2,7.2,7.2,7.2,7.2,2022-12-20,90.0,648.0,1
PMIN06,PORK MINCED SULINA 500gmX20pkt,1.0,2.8,2.8,2.8,2.8,2.8,2022-10-07,200.0,560.0,1
PMIN07,PORK MINCED KURO 500gmX20pkt,6.0,3.3000000000000003,3.3,3.3,3.3,3.3,2022-12-22,1100.0,3630.0,1
PORT01,PORK- PORK AORTA 10kg/ctn 121/505,9.0,7.066666666666666,5.6,7.8,7.8,7.8,2022-12-28,199.25,1467.8,2
PORT02,PORK- PORK AORTA,6.0,5.6000000000000005,5.6,5.6,5.6,5.6,2022-12-31,61.55,344.67999999999995,1
POWDER-01,POWDER RED COLOURING (no.284) 450GM/TUB,1.0,18.5,18.5,18.5,18.5,18.5,2022-11-17,2.0,37.0,1
PREC02,PORK RECTUMS (EXCELENCIA-BRAZIL) 16kg/ctn,1.0,4.25,4.25,4.25,4.25,4.25,2022-11-04,7008.0,29784.0,1
PREC03,PORK RECTUMS 10kg/ctns (DAT SCHAUB DENMARK),12.0,7.1166666666666645,7.0,7.1,7.6,7.1,2022-12-16,7030.0,49728.0,3
PRIB01,PORK MEATY RIBLETS (SPAIN-10.03948/L) IWP PACKING,5.0,2.3,2.1,2.1,2.6,2.1,2022-11-05,1730.0,3973.0,2
PRIB01-02,PORK MEATY RIBLETS (SULINA) 15kg/ctn,1.0,3.0,3.0,3.0,3.0,3.0,2022-10-21,75.0,225.0,1
PRIB01-09,PORK MEALTY RIBLETS (FAMADESA-SPAIN) 10KG/CTNS,3.0,3.3866666666666667,3.19,3.39,3.58,3.19,2022-12-08,75600.0,256032.0,1
PRIB16,PORK PRIME RIB 500gmX20pkt,1.0,6.1,6.1,6.1,6.1,6.1,2022-12-12,60.0,366.0,1
PSHO03,PORK SHOULDER (SULINA) 18kg/ctn,26.0,3.353846153846154,2.9,3.4,3.6,3.27,2022-12-12,152892.0,508276.8,6
PSHO06,PORK SHOULDER BUTT KURO 500gm X 20pkt,2.0,4.6,4.6,4.6,4.6,4.6,2022-12-17,200.0,919.9999999999999,1
PSHO07,PORK SHOULDER (FRIMESA) 25KG/CTNS,3.0,3.3666666666666667,2.9,3.6,3.6,3.6,2022-12-02,4625.0,14812.5,2
PSHT01,PORK LACONE / SHANK KNIFE CUT (AUST),13.0,3.266923076923077,3.0,3.3,3.57,3.0,2022-12-30,4736.86,15321.838399999999,3
PSHT02,PORK LACONE / SHANK SAW CUT (BEC),1.0,3.4,3.4,3.4,3.4,3.4,2022-11-11,31.56,107.30399999999999,1
PSHT03,PORK LACONE / SHANK (WESTFLEISH-GERMANY),3.0,3.1,3.0,3.0,3.3,3.0,2022-12-22,1222.3600000000001,3722.277,2
PSKI01,PORK SKIN 5kg/pkt,26.0,0.7784615384615385,0.5,0.8,1.0,1.0,2022-12-30,7610.0,5669.9,3
PSOF010,PORK SOFTBONE (COLES-AUST),1.0,2.0,2.0,2.0,2.0,2.0,2022-11-17,60.0,120.0,1
PSPA09,PORK- SPARERIB ALIBEM 22KG,1.0,3.5,3.5,3.5,3.5,3.5,2022-11-26,770.0,2695.0,1
PSPA09-02,PORK- SPARERIB (SULINA) 18kg/ctn,13.0,4.887692307692307,4.29,4.8,5.4,4.29,2022-12-27,48150.0,218934.36,3
PSPA10,PORK- SPARERIB 500gmX20pkt (SULINA),7.0,4.142857142857142,4.0,4.2,4.2,4.2,2022-12-22,900.0,3740.0,1
PSPA12,PORK- SPARERIB 18KG,1.0,3.4,3.4,3.4,3.4,3.4,2022-12-30,450.0,1530.0,1
PSTO02,PORK STOMACH MAW UNSCALDED (AUST 822) 15KG/CTNS,1.0,4.6,4.6,4.6,4.6,4.6,2022-12-30,390.0,1793.9999999999998,1
PSTO05,PORK STOMACH COOKED (EXCELENCIA-SA) 18KG/CTNS,1.0,1.7,1.7,1.7,1.7,1.7,2022-11-04,10116.0,17197.2,1
PSTO12,PORK STOMACH COOKED 10kg/ctn (ATRIA-FINLAND 22),4.0,2.95,2.9,2.95,3.0,3.0,2022-12-29,3870.0,11412.0,2
PSWR02,PORK- PORK SWEET RUNNERS (DV-AUST) 2PKT/CTNS,10.0,9.5,9.5,9.5,9.5,9.5,2022-12-29,931.9,8853.05,1
PTAI02,PORK TAIL (COSTA FOOD MEAT) 10KG/CTNS,1.0,2.0,2.0,2.0,2.0,2.0,2022-11-17,10.0,20.0,1
PTON01,PORK- PIG TONGUE (AUST) 15kg/ctn,1.0,3.5,3.5,3.5,3.5,3.5,2022-10-17,600.0,2100.0,1
PTRI02,PORK TRIMMING FRESH,72.0,3.0,3.0,3.0,3.0,3.0,2022-12-31,15536.0,46608.0,1
PTRI03,PORK TRIMMING FROZEN,10.0,1.98,1.3,2.0,2.5,1.3,2022-12-15,14293.8,28159.6,2
PTRI04,PORK BELLY STRIPES 3X5KG/CTNS,2.0,2.9,2.9,2.9,2.9,2.9,2022-12-13,140.0,406.0,1
PTRI08,PORK SOFTBONE TRIMMING,2.0,1.3,1.3,1.3,1.3,1.3,2022-12-15,2520.0,3276.0,1
RAB001,RABBIT WHOLE WITHOUT HEAD 1.2-1.3KG/PCS,5.0,17.0,17.0,17.0,17.0,17.0,2022-12-28,154.94,2633.98,1
RICE07,RICE- RICE 25KG,13.0,39.60000000000001,39.6,39.6,39.6,39.6,2022-12-30,135.0,5346.0,1
SAK003,SEAFOOD- FROZEN ANG KA PRAWN (HOSO) 21/30 10X1KG/CTNS,1.0,10.5,10.5,10.5,10.5,10.5,2022-12-01,100.0,1050.0,1
SAK006-01,SEAFOOD- ANG KA PRAWN FRESH,1.0,14.5,14.5,14.5,14.5,14.5,2022-12-16,10.0,145.0,1
SAUCE-01,SAUCE DARK SOYA 5L/TIN,2.0,11.5,11.5,11.5,11.5,11.5,2022-12-16,10.0,115.0,1
SAUCE-03,SAUCE LIGHT SOYA 5L/TIN KCT GRADE 1,1.0,3.0,3.0,3.0,3.0,3.0,2022-10-14,2.0,6.0,1
SAUCE-08,TRUFFLE AIOLI 360ML/BTL,1.0,14.0,14.0,14.0,14.0,14.0,2022-12-21,10.0,140.0,1
SAUCE-09,MENTAIKO MAYO 360ML/BTL,1.0,14.0,14.0,14.0,14.0,14.0,2022-12-21,10.0,140.0,1
SAUCE-10,TRUFFLE MAYONNAISE 1KG/PKT,1.0,32.0,32.0,32.0,32.0,32.0,2022-12-14,1.0,32.0,1
SAUCE-43,STEAM FISH - SOY SAUCE 40pkt/ctns,1.0,3.3,3.3,3.3,3.3,3.3,2022-11-09,240.0,792.0,1
SAUCE-47,SAUCE - CURRY SAUCE KAM LONG 1KG,3.0,5.400000000000001,5.4,5.4,5.4,5.4,2022-12-29,60.0,324.0,1
SBA001-02,SEAFOOD- FRIED BABY SOTONG 1kgX 6 pkt,1.0,32.5,32.5,32.5,32.5,32.5,2022-12-13,50.0,1625.0,1
SCA001-07,SEAFOOD- SCALLOP HOTATE KAIBASHIDA SIZE 3S,1.0,39.0,39.0,39.0,39.0,39.0,2022-10-12,10.0,390.0,1
SCA001-14,SEAFOOD- SCALLOP 20/30 2.27kg/pkt X 6pkt/ctns,4.0,51.642500000000005,51.07,51.644999999999996,52.21,52.21,2022-12-28,24.0,1239.42,1
SCA002-03,SEAFOOD- H/SHELL SCALLOP WITH ROE 6/7 16pkt/ctns,4.0,3.9,3.9,3.9,3.9,3.9,2022-11-03,560.0,2184.0,1
SCA006,SEAFOOD- HALF SHELL SCALLOP WITH ROE 10/12 10X1kg/pkt,6.0,7.5,7.5,7.5,7.5,7.5,2022-12-06,1740.0,13050.0,1
SCA007-01,SEAFOOD- BOILED SEA SCALLOP MEAT 100/120 500GM X 20PKT,2.0,8.0,8.0,8.0,8.0,8.0,2022-11-17,190.0,1520.0,1
SCA007-02,SEAFOOD- BOILED SEA SCALLOP MEAT 80/100 10X1KG/CTNS,1.0,11.5,11.5,11.5,11.5,11.5,2022-11-15,50.0,575.0,1
SCA007-03,SEAFOOD- BOILED SEA SCALLOP MEAT 120/150 10X1KG/CTNS,8.0,8.75,8.5,8.5,10.5,8.5,2022-12-29,2820.0,24010.0,2
SCB001,SEAFOOD- CRAB BITE 1kgX10pkt,5.0,4.8,4.8,4.8,4.8,4.8,2022-12-31,900.0,4320.0,1
SCG001,CAVIAR OSIETRA CLASSIC 30G/TIN GIAVERI ITALY,1.0,53.0,53.0,53.0,53.0,53.0,2022-12-05,1.0,53.0,1
SCL001,SEAFOOD- IMITATION SNOW CRAB LEG 250gm X 40pkt,6.0,3.1999999999999997,3.2,3.2,3.2,3.2,2022-12-31,1120.0,3584.0,1
SCP001,SEAFOOD- CUTTLEFISH PASTE 1kg x 30pkt,9.0,5.9,5.7,5.9,6.5,5.9,2022-12-24,940.0,5546.0,1
SCR001,SEAFOOD- CRAB MEAT *SPECIAL/LUMP* 454GM/CAN OCEAN CROWN,4.0,13.8,13.8,13.8,13.8,13.8,2022-12-29,96.0,1324.8000000000002,1
SCR001-01,SEAFOOD- CRAB MEAT 500gmX24pkt,2.0,5.8,5.8,5.8,5.8,5.8,2022-11-25,192.0,1113.6,1
SCR005-02,SEAFOOD- UNBREADED CRAB CLAW 11's 180gm x 50pkt,6.0,2.15,2.15,2.15,2.15,2.15,2022-12-20,1100.0,2365.0,1
SCS001,SEAFOOD- CRAB STICK 40pkt/ctns (ORANGE STICK-MALAYSIA),6.0,1.0333333333333334,0.5,1.125,1.2,1.2,2022-12-19,6816.0,7248.0,2
SCS002,SEAFOOD- CRAB STICK 16'S 40pkt/ctns (CHINA),10.0,0.9499999999999998,0.95,0.95,0.95,0.95,2022-12-31,6800.0,6460.0,1
SCS003,SEAFOOD- CRAB STICK 250gmX20pkt,1.0,0.35,0.35,0.35,0.35,0.35,2022-11-17,2700.0,944.9999999999999,1
SCS004,SEAFOOD- KANIMI CHUNK 180GM X 20PKT,2.0,2.4,2.4,2.4,2.4,2.4,2022-12-09,80.0,192.0,1
SCS005,SEAFOOD- CRAB STICK LI CHUA KANIMI 250gmX40pkt,2.0,1.43,1.43,1.43,1.43,1.43,2022-12-17,80.0,114.39999999999999,1
SEA001,SEAFOOD- SEA CUCUMBER 3-4pcs 1KG,6.0,18.0,18.0,18.0,18.0,18.0,2022-12-20,250.0,4500.0,1
SEB001,SEAFOOD- EBI FRY 31/40 22gm/pcs 10pcs/tray,8.0,3.5,3.5,3.5,3.5,3.5,2022-12-23,460.0,1610.0,1
SLB007,SEAFOOD- CRAY PRAWN 100-150,4.0,16.0,16.0,16.0,16.0,16.0,2022-12-21,52.0,832.0,1
SMU001-04,SEAFOOD- 1/2 SHELL BLUE MUSSEL 907GM X 12PKT/CTNS,2.0,11.34,11.34,11.34,11.34,11.34,2022-12-02,120.0,1360.8,1
SMU002,SEAFOOD- WHOLE MUSSEL 5x1pkt/ctns,5.0,4.8,4.5,5.0,5.0,4.5,2022-12-27,375.0,1812.5,1
SMU002-01,SEAFOOD- WHOLE MUSSEL 454gm X 10pkt/ctns,7.0,2.5,2.5,2.5,2.5,2.5,2022-12-08,450.0,1125.0,1
SOT001,SEAFOOD- SOTONG BALL 36's (SEAWAVES) 12x780gm/pkt,10.0,8.419999999999998,8.3,8.3,8.6,8.6,2022-12-28,732.0,6158.400000000001,1
SOT003-01,SEAFOOD- CUTTLEFISH BALL (FIGO) 400GMX30PKT/CTNS,3.0,2.68,2.68,2.68,2.68,2.68,2022-12-26,900.0,2412.0,1
SOYS01,SEAFOOD- SASHIMI OYSTER L 120PCS/CTNS,3.0,1.6000000000000003,1.6,1.6,1.6,1.6,2022-10-18,3000.0,4800.0,1
SOYS03-02,SEAFOOD- OYSTER WHOLE WITH SHELL JAPAN M 144PCS/CTNS,3.0,1.1266666666666667,0.94,0.94,1.5,0.94,2022-12-20,2160.0,2433.6,2
SOYS07,SEAFOOD- OYSTER S 9-11g 10x1kg/ctns,1.0,5.32,5.32,5.32,5.32,5.32,2022-10-05,8000.0,42560.0,1
SOYS08,SEAFOOD- OYSTER M 11-13g 10x1kg/ctns,1.0,5.53,5.53,5.53,5.53,5.53,2022-10-05,13000.0,71890.0,1
SOYS09,SEAFOOD- OYSTER SS 7-9g 10x1kg/ctns,3.0,6.073333333333333,5.22,6.5,6.5,6.5,2022-10-18,5250.0,27725.0,2
SPH002,SEAFOOD- PRAWN HEAD/SHELL BULK 2X5KG/CTNS,3.0,2.0,2.0,2.0,2.0,2.0,2022-12-16,260.0,520.0,1
SPH004,SEAFOOD- PRAWN HEAD/SHELL (VANNAMEI) 10x1kg/pkt,12.0,1.7500000000000002,1.6,1.8,1.8,1.8,2022-12-28,1950.0,3430.0,2
SPR001-02,SEAFOOD- PRAWN MEAT PTO 31/40 10X1KG/CTNS (A121/122),7.0,7.5,7.5,7.5,7.5,7.5,2022-12-25,340.0,2550.0,1
SPR001-04,SEAFOOD- PRAWN MEAT PTO 31/40 (OCEAN ON THE ROAD) 10X1kg/pkt,1.0,7.5,7.5,7.5,7.5,7.5,2022-12-06,10.0,75.0,1
SPR001-05,SEAFOOD- PRAWN MEAT PTO 31/40 (IQF-BLUE PRAWN) 10X1kg/pkt,3.0,7.5,7.5,7.5,7.5,7.5,2022-12-04,30.0,225.0,1
SPR004-02,SEAFOOD- PRAWN MEAT PTO 21/25 (OCEAN ON THE ROAD) 10X1kg/pkt,1.0,5.8,5.8,5.8,5.8,5.8,2022-12-31,150.0,870.0,1
SQC001,SEAFOOD- SQUID CUT WITH SKIN 6X2KG/CTNS,4.0,3.3,3.3,3.3,3.3,3.3,2022-12-19,3336.0,11008.8,1
SQC003,SEAFOOD- CUTTLEFISH CUT WITH SKIN 2KGX6PKT **RED BAG**,1.0,6.1,6.1,6.1,6.1,6.1,2022-10-31,12.0,73.19999999999999,1
SQU0010-02,SEAFOOD- TAKO TENTACLES 5-8pcs/kg 10X1KG/CTNS,3.0,3.2533333333333334,2.46,3.5,3.8,2.46,2022-10-15,6300.0,15840.0,3
SQU003-05,SEAFOOD- SQUID WHOLE ROUND (10INCH UP) 5kgX2 10kg/ctn,14.0,9.5,9.5,9.5,9.5,9.5,2022-12-31,2000.0,19000.0,1
SQU004,SEAFOOD- FRESH SQUID,1.0,13.5,13.5,13.5,13.5,13.5,2022-12-15,10.0,135.0,1
SQU005-03,SEAFOOD- BABY SQUID 4-5CM 2KG/PKT,1.0,5.5,5.5,5.5,5.5,5.5,2022-11-22,10.0,55.0,1
SQU006-04,SEAFOOD- SOTONG FLOWER 1kgX10pkt,5.0,2.858,1.89,3.0,3.2,3.0,2022-12-27,6120.0,13987.2,3
SSC001-01,SEAFOOD- SOFT SHELL CRAB 1KG/PKT,3.0,16.0,14.0,17.0,17.0,14.0,2022-12-22,60.0,960.0,2
SSC002-02,SEAFOOD- FLOWER CRAB 150-200 8KG/CTNS,10.0,6.0,6.0,6.0,6.0,6.0,2022-12-31,1040.0,6240.0,1
SSC003,SEAFOOD- FROZEN MUD CRAB,1.0,28.0,28.0,28.0,28.0,28.0,2022-10-31,3.6,100.8,1
SSK003,SQUID- SQUID SKEWER 150-200GM 11pcs/pkt 6x2kg/ctns,1.0,16.78,16.78,16.78,16.78,16.78,2022-10-15,2136.0,35842.08,1
SSK004,SQUID- SQUID SKEWER 150-200GM 10X1kg/ctns,1.0,8.0,8.0,8.0,8.0,8.0,2022-10-13,100.0,800.0,1
SSR004,SEAFOOD- SOTONG RING 1kgX10pkt,1.0,2.17,2.17,2.17,2.17,2.17,2022-10-15,2000.0,4340.0,1
SSR03,SEAFOOD- CALAMARI (180pcs/ctn) 10X1kg/ctn,10.0,9.0,9.0,9.0,9.0,9.0,2022-12-20,160.0,1440.0,1
SVA0011,SEAFOOD- VANNAMEI HOSO 16-20pcs 6x2pkt/ctn,7.0,10.214285714285714,9.5,10.3,11.5,10.3,2022-12-29,782.0,7924.6,3
SVA0011-02,SEAFOOD- VANNAMEI HOSO 16-20pcs 10X1pkt/ctn,6.0,11.5,11.5,11.5,11.5,11.5,2022-12-29,170.0,1955.0,1
SVA002-06,SEAFOOD- BLACK TIGER HOSO 13/15 10X1pkt,5.0,13.180000000000001,12.7,13.5,13.5,12.7,2022-12-29,300.0,3906.0,2
SVA002-08,SEAFOOD- BLACK TIGER HOSO 41-50pcs A&O 10x1pkt/ctn,2.0,7.1,6.8,7.1,7.4,6.8,2022-12-09,950.0,6760.0,1
SVA002-11,SEAFOOD- BLACK TIGER HOSO 16/20 1kg x 10pkt,5.0,11.36,10.3,11.5,12.0,10.3,2022-12-19,360.0,4085.0,2
SVA003,SEAFOOD- VANNAMEI HOSO 51-60 GOLDEN-PERU 700GM/PKT,3.0,6.5,6.5,6.5,6.5,6.5,2022-12-31,228.0,1482.0,1
SVA003-02,SEAFOOD- VANNAMEI HOSO 51-60pcs A&O 10x1pkt/ctn,1.0,6.5,6.5,6.5,6.5,6.5,2022-12-01,10.0,65.0,1
SVA004-02,SEAFOOD- VANNAMEI HOSO COOKED 31/40 FRESH CHOICE 10X1KG/CTNS,6.0,11.0,11.0,11.0,11.0,11.0,2022-12-30,1150.0,12650.0,1
SVA004-03,SEAFOOD- VANNAMEI HOSO COOKED 31-40 12X1pkt/ctn (EMERALD),2.0,10.0,10.0,10.0,10.0,10.0,2022-12-14,360.0,3600.0,1
SVA004-04,SEAFOOD- VANNAMEI HOSO COOKED 26-30 10X1pkt/ctn (AA-MESTI),6.0,12.5,12.5,12.5,12.5,12.5,2022-12-26,1750.0,21875.0,1
SVA004-06,SEAFOOD- VANNAMEI HOSO COOKED 41-50 10X1pkt/ctn (AA-MESTI),8.0,10.33,10.33,10.33,10.33,10.33,2022-12-09,1400.0,14462.0,1
SVA004-07,SEAFOOD- VANNAMEI HOSO COOKED 41-50 12X1pkt/ctn (EMERALD),2.0,9.5,9.5,9.5,9.5,9.5,2022-12-14,360.0,3420.0,1
SVA005,SEAFOOD- VANNAMEI HOSO 31-40 GOLDEN-PERU 700GM/PKT,8.0,8.625,8.5,8.5,9.5,8.5,2022-12-24,3856.0,32816.0,2
SVA006,SEAFOOD- VANNAMEI HOSO 31-40pcs A&O 10x1pkt/ctn,3.0,8.833333333333334,7.5,9.5,9.5,9.5,2022-12-23,80.0,720.0,2
SVA007,SEAFOOD- VANNAMEI HOSO 31-35 (ECU) 5X2KG/CTNS,2.0,7.0,7.0,7.0,7.0,7.0,2022-12-28,250.0,1750.0,1
SVA008,SEAFOOD- VANNAMEI HOSO 41/50 6x2KG/PKT,1.0,7.1,7.1,7.1,7.1,7.1,2022-11-14,768.0,5452.799999999999,1
SVA008-02,SEAFOOD- VANNAMEI HOSO 41-50 GOLDEN-PERU 700GM/PKT,3.0,6.900000000000001,6.9,6.9,6.9,6.9,2022-12-31,228.0,1573.2,1
SVA008-03,SEAFOOD- VANNAMEI HOSO 41/50 12X1KG/CTNS ECU,1.0,8.0,8.0,8.0,8.0,8.0,2022-10-11,180.0,1440.0,1
SVA008-04,SEAFOOD- VANNAMEI HOSO 41-50pcs A&O 10x1pkt/ctn,11.0,7.645454545454545,6.9,7.55,9.0,7.55,2022-12-26,1378.0,10417.4,4
SVA009-02,SEAFOOD- VANNAMEI HOSO 20-30 -DOM CAMAROM 12x1kg,4.0,10.5,10.5,10.5,10.5,10.5,2022-12-28,440.0,4620.0,1
SVA009-04,SEAFOOD- VANNAMEI HOSO 26-30pcs 10X1KG - G54,4.0,8.37,8.37,8.37,8.37,8.37,2022-12-15,750.0,6277.499999999999,1
SVA009-06,SEAFOOD- VANNAMEI HOSO 26-30pcs 6X2KG ECU WANGPAI,5.0,9.96,9.6,9.6,10.5,9.6,2022-11-19,940.0,9276.0,2
SVL006-02,SEAFOOD- PRAWN MEAT PND 21/25 (OCEAN ON THE ROAD) 10X1kg/pkt,3.0,9.066666666666666,7.2,10.0,10.0,7.2,2022-12-27,300.0,2440.0,2
SWC001,SEAFOOD- WHITE CLAM 40/60 or 60/80 10X1KG/CTNS,2.0,3.8,3.8,3.8,3.8,3.8,2022-12-28,100.0,380.0,1
SWC002-04,SEAFOOD- FLOWER CLAMS 30/40 500gmX20pkt/ctn (U CATCH),1.0,1.83,1.83,1.83,1.83,1.83,2022-12-30,24000.0,43920.0,1
SWC004,SEAFOOD- GONG GONG FRESH,1.0,5.0,5.0,5.0,5.0,5.0,2022-12-16,5.0,25.0,1
SWC004-01,SEAFOOD- GONG GONG 20kg,4.0,4.5,4.5,4.5,4.5,4.5,2022-12-29,580.0,2610.0,1
SWC005-01,SEAFOOD- COCKLES FRESH,2.0,5.0,5.0,5.0,5.0,5.0,2022-12-31,15.0,75.0,1
SWC006-02,SEAFOOD- BAMBOO CLAMS 10/12 10X1kg/ctn,7.0,4.0,4.0,4.0,4.0,4.0,2022-12-31,580.0,2320.0,1
fgr001-02,FISH- GROUPER 8-10pcs 2kgX 5pkt,4.0,3.2,3.2,3.2,3.2,3.2,2022-12-23,210.0,672.0,1
