vendor_code,vendor_name,date,total
USVS0018,SINGYI F&B PTE LTD,2022-10-02,12.3
USVS0018,SINGYI F&B PTE LTD,2022-10-09,116.8
USVS0018,SINGYI F&B PTE LTD,2022-10-16,123.0
USVS0018,SINGYI F&B PTE LTD,2022-10-23,85.5
USVS0018,SINGYI F&B PTE LTD,2022-10-30,137.4
USVS0018,SINGYI F&B PTE LTD,2022-11-06,233.10000000000002
USVS0018,SINGYI F&B PTE LTD,2022-11-13,43.6
USVS0018,SINGYI F&B PTE LTD,2022-11-20,39.0
USVS0018,SINGYI F&B PTE LTD,2022-11-27,70.3
USVS0018,SINGYI F&B PTE LTD,2022-12-04,236.8
USVS0018,SINGYI F&B PTE LTD,2022-12-11,453.8
USVS0018,SINGYI F&B PTE LTD,2022-12-18,129.2
USVS0018,SINGYI F&B PTE LTD,2022-12-25,57.400000000000006
USVS0018,SINGYI F&B PTE LTD,2023-01-01,390.8
UVA0001,ANGLISS SINGAPORE PTE LTD,2022-10-09,13612.492
UVA0001,ANGLISS SINGAPORE PTE LTD,2022-10-16,10270.661
UVA0001,ANGLISS SINGAPORE PTE LTD,2022-10-23,14271.978
UVA0001,ANGLISS SINGAPORE PTE LTD,2022-10-30,1556.0
UVA0001,ANGLISS SINGAPORE PTE LTD,2022-11-06,1016.0
UVA0001,ANGLISS SINGAPORE PTE LTD,2022-11-13,6240.0
UVA0001,ANGLISS SINGAPORE PTE LTD,2022-11-20,1307.8649
UVA0001,ANGLISS SINGAPORE PTE LTD,2022-11-27,0.0
UVA0001,ANGLISS SINGAPORE PTE LTD,2022-12-04,1047.0
UVA0001,ANGLISS SINGAPORE PTE LTD,2022-12-11,2897.86
UVA0001,ANGLISS SINGAPORE PTE LTD,2022-12-18,3547.7
UVA0001,ANGLISS SINGAPORE PTE LTD,2022-12-25,8817.32
UVA0001,ANGLISS SINGAPORE PTE LTD,2023-01-01,1250.0
UVA0002,ALL BIG FROZEN FOOD PTE LTD,2022-10-30,3480.0
UVA0002,ALL BIG FROZEN FOOD PTE LTD,2022-11-06,0.0
UVA0002,ALL BIG FROZEN FOOD PTE LTD,2022-11-13,0.0
UVA0002,ALL BIG FROZEN FOOD PTE LTD,2022-11-20,0.0
UVA0002,ALL BIG FROZEN FOOD PTE LTD,2022-11-27,0.0
UVA0002,ALL BIG FROZEN FOOD PTE LTD,2022-12-04,2900.0
UVA0003,ANG KEE FISH MERCHANT PTE LTD,2022-12-25,130.0
UVA0004,ARCO MARKETING PTE LTD,2022-10-16,1440.0
UVA0004,ARCO MARKETING PTE LTD,2022-10-23,320.0
UVA0004,ARCO MARKETING PTE LTD,2022-10-30,0.0
UVA0004,ARCO MARKETING PTE LTD,2022-11-06,432.0
UVA0004,ARCO MARKETING PTE LTD,2022-11-13,80.0
UVA0004,ARCO MARKETING PTE LTD,2022-11-20,0.0
UVA0004,ARCO MARKETING PTE LTD,2022-11-27,720.0
UVA0004,ARCO MARKETING PTE LTD,2022-12-04,0.0
UVA0004,ARCO MARKETING PTE LTD,2022-12-11,720.0
UVA0004,ARCO MARKETING PTE LTD,2022-12-18,0.0
UVA0004,ARCO MARKETING PTE LTD,2022-12-25,864.0
UVA0017,ARGENTRADE INTERNATIONAL  B.V,2022-12-11,156909.123
UVA0018,AJC INTERNATIONAL,2022-10-16,175230.0
UVA0018,AJC INTERNATIONAL,2022-10-23,62099.99999999999
UVA0018,AJC INTERNATIONAL,2022-10-30,0.0
UVA0018,AJC INTERNATIONAL,2022-11-06,0.0
UVA0018,AJC INTERNATIONAL,2022-11-13,54266.4
UVA0018,AJC INTERNATIONAL,2022-11-20,0.0
UVA0018,AJC INTERNATIONAL,2022-11-27,0.0
UVA0018,AJC INTERNATIONAL,2022-12-04,118717.9
UVA0018,AJC INTERNATIONAL,2022-12-11,0.0
UVA0018,AJC INTERNATIONAL,2022-12-18,112590.0
UVA0018,AJC INTERNATIONAL,2022-12-25,0.0
UVA0018,AJC INTERNATIONAL,2023-01-01,206550.0
UVA0019,AMAX FOODS PTE LTD,2022-10-09,9254.15
UVA0019,AMAX FOODS PTE LTD,2022-10-16,33288.243
UVA0019,AMAX FOODS PTE LTD,2022-10-23,61461.812
UVA0019,AMAX FOODS PTE LTD,2022-10-30,63961.6
UVA0019,AMAX FOODS PTE LTD,2022-11-06,26065.501
UVA0019,AMAX FOODS PTE LTD,2022-11-13,34798.971
UVA0019,AMAX FOODS PTE LTD,2022-11-20,19852.720999999998
UVA0019,AMAX FOODS PTE LTD,2022-11-27,10762.224
UVA0019,AMAX FOODS PTE LTD,2022-12-04,23015.550000000003
UVA0019,AMAX FOODS PTE LTD,2022-12-11,4679.999999999999
UVA0019,AMAX FOODS PTE LTD,2022-12-18,16204.161
UVA0019,AMAX FOODS PTE LTD,2022-12-25,33241.627
UVA0019,AMAX FOODS PTE LTD,2023-01-01,17734.022
UVA0021,AH PENG FISH FOOD SUPPLIER PTE LTD,2022-10-09,310.0
UVA0021,AH PENG FISH FOOD SUPPLIER PTE LTD,2022-10-16,0.0
UVA0021,AH PENG FISH FOOD SUPPLIER PTE LTD,2022-10-23,310.0
UVA0021,AH PENG FISH FOOD SUPPLIER PTE LTD,2022-10-30,0.0
UVA0021,AH PENG FISH FOOD SUPPLIER PTE LTD,2022-11-06,0.0
UVA0021,AH PENG FISH FOOD SUPPLIER PTE LTD,2022-11-13,310.0
UVA0021,AH PENG FISH FOOD SUPPLIER PTE LTD,2022-11-20,155.0
UVA0021,AH PENG FISH FOOD SUPPLIER PTE LTD,2022-11-27,0.0
UVA0021,AH PENG FISH FOOD SUPPLIER PTE LTD,2022-12-04,310.0
UVA0021,AH PENG FISH FOOD SUPPLIER PTE LTD,2022-12-11,0.0
UVA0021,AH PENG FISH FOOD SUPPLIER PTE LTD,2022-12-18,155.0
UVA0021,AH PENG FISH FOOD SUPPLIER PTE LTD,2022-12-25,310.0
UVA0021,AH PENG FISH FOOD SUPPLIER PTE LTD,2023-01-01,155.0
UVA0030,AH TECK (TNL),2022-10-09,230.51999999999998
UVA0030,AH TECK (TNL),2022-10-16,60.300000000000004
UVA0030,AH TECK (TNL),2022-10-23,331.86
UVA0030,AH TECK (TNL),2022-10-30,233.57999999999998
UVA0030,AH TECK (TNL),2022-11-06,160.92
UVA0030,AH TECK (TNL),2022-11-13,240.47
UVA0030,AH TECK (TNL),2022-11-20,172.68
UVA0030,AH TECK (TNL),2022-11-27,255.67
UVA0030,AH TECK (TNL),2022-12-04,48.507
UVA0030,AH TECK (TNL),2022-12-11,251.33999999999997
UVA0030,AH TECK (TNL),2022-12-18,241.85999999999999
UVA0030,AH TECK (TNL),2022-12-25,229.76999999999998
UVA0030,AH TECK (TNL),2023-01-01,159.60000000000002
UVA0036,AGROMAX FOOD DMCC,2023-01-01,66690.0
UVB0006,BEN FOODS (S) PTE LTD,2022-10-02,827.2
UVB0006,BEN FOODS (S) PTE LTD,2022-10-09,5493.16
UVB0006,BEN FOODS (S) PTE LTD,2022-10-16,6732.73
UVB0006,BEN FOODS (S) PTE LTD,2022-10-23,2067.0
UVB0006,BEN FOODS (S) PTE LTD,2022-10-30,3480.0
UVB0006,BEN FOODS (S) PTE LTD,2022-11-06,3680.0
UVB0006,BEN FOODS (S) PTE LTD,2022-11-13,2154.5
UVB0006,BEN FOODS (S) PTE LTD,2022-11-20,1752.0
UVB0006,BEN FOODS (S) PTE LTD,2022-11-27,1774.0
UVB0006,BEN FOODS (S) PTE LTD,2022-12-04,2211.225
UVB0006,BEN FOODS (S) PTE LTD,2022-12-11,2352.5
UVB0006,BEN FOODS (S) PTE LTD,2022-12-18,1300.0
UVB0006,BEN FOODS (S) PTE LTD,2022-12-25,2440.5
UVB0006,BEN FOODS (S) PTE LTD,2023-01-01,2217.5
UVB0014,BEAN CITY FOODSTUFF PTE LTD,2022-10-30,65.0
UVB0019,BLU VENTURES PTE LTD,2022-10-02,290.0
UVB0019,BLU VENTURES PTE LTD,2022-10-09,0.0
UVB0019,BLU VENTURES PTE LTD,2022-10-16,0.0
UVB0019,BLU VENTURES PTE LTD,2022-10-23,225.0
UVB0019,BLU VENTURES PTE LTD,2022-10-30,60.0
UVB0019,BLU VENTURES PTE LTD,2022-11-06,150.0
UVB0019,BLU VENTURES PTE LTD,2022-11-13,1785.0
UVB0019,BLU VENTURES PTE LTD,2022-11-20,750.0
UVB0019,BLU VENTURES PTE LTD,2022-11-27,0.0
UVB0019,BLU VENTURES PTE LTD,2022-12-04,800.0
UVB0019,BLU VENTURES PTE LTD,2022-12-11,0.0
UVB0019,BLU VENTURES PTE LTD,2022-12-18,1700.0
UVB0024,BRF GLOBAL GMBH,2022-10-16,152699.5
UVB0024,BRF GLOBAL GMBH,2022-10-23,0.0
UVB0024,BRF GLOBAL GMBH,2022-10-30,0.0
UVB0024,BRF GLOBAL GMBH,2022-11-06,0.0
UVB0024,BRF GLOBAL GMBH,2022-11-13,100701.94
UVB0024,BRF GLOBAL GMBH,2022-11-20,0.0
UVB0024,BRF GLOBAL GMBH,2022-11-27,0.0
UVB0024,BRF GLOBAL GMBH,2022-12-04,0.0
UVB0024,BRF GLOBAL GMBH,2022-12-11,90980.64
UVB0024,BRF GLOBAL GMBH,2022-12-18,90703.26
UVB0024,BRF GLOBAL GMBH,2022-12-25,0.0
UVB0024,BRF GLOBAL GMBH,2023-01-01,119536.56
UVB0025,BIG HOCKEY MANUFACTURING & FOOD PROCESSING PTE LTD,2022-12-18,98.39999999999999
UVC0001,CASH SUPPLIER (NON-GST),2022-10-09,317.0
UVC0001,CASH SUPPLIER (NON-GST),2022-10-16,1960.665
UVC0001,CASH SUPPLIER (NON-GST),2022-10-23,110.39999999999999
UVC0001,CASH SUPPLIER (NON-GST),2022-10-30,13023.66
UVC0001,CASH SUPPLIER (NON-GST),2022-11-06,0.0
UVC0001,CASH SUPPLIER (NON-GST),2022-11-13,2507.8
UVC0001,CASH SUPPLIER (NON-GST),2022-11-20,3073.96
UVC0001,CASH SUPPLIER (NON-GST),2022-11-27,0.0
UVC0001,CASH SUPPLIER (NON-GST),2022-12-04,2091.04
UVC0001,CASH SUPPLIER (NON-GST),2022-12-11,458.0
UVC0001,CASH SUPPLIER (NON-GST),2022-12-18,1016.83
UVC0001,CASH SUPPLIER (NON-GST),2022-12-25,280.0
UVC0001,CASH SUPPLIER (NON-GST),2023-01-01,2356.14
UVC0002,HY CASH SUPPLIER (NON-GST),2022-11-20,295.0
UVC0008,CS TAY FOODS PTE LTD,2022-10-16,255.0
UVC0008,CS TAY FOODS PTE LTD,2022-10-23,0.0
UVC0008,CS TAY FOODS PTE LTD,2022-10-30,0.0
UVC0008,CS TAY FOODS PTE LTD,2022-11-06,510.0
UVC0008,CS TAY FOODS PTE LTD,2022-11-13,0.0
UVC0008,CS TAY FOODS PTE LTD,2022-11-20,255.0
UVC0008,CS TAY FOODS PTE LTD,2022-11-27,0.0
UVC0008,CS TAY FOODS PTE LTD,2022-12-04,255.0
UVC0008,CS TAY FOODS PTE LTD,2022-12-11,153.0
UVC0008,CS TAY FOODS PTE LTD,2022-12-18,0.0
UVC0008,CS TAY FOODS PTE LTD,2022-12-25,255.0
UVC0011,CHIP HONG FARM PRODUCT,2022-10-09,3520.0000000000005
UVC0011,CHIP HONG FARM PRODUCT,2022-10-16,9965.5484
UVC0011,CHIP HONG FARM PRODUCT,2022-10-23,11192.0
UVC0011,CHIP HONG FARM PRODUCT,2022-10-30,3313.12
UVC0011,CHIP HONG FARM PRODUCT,2022-11-06,0.0
UVC0011,CHIP HONG FARM PRODUCT,2022-11-13,5773.366
UVC0011,CHIP HONG FARM PRODUCT,2022-11-20,3679.9999999999995
UVC0011,CHIP HONG FARM PRODUCT,2022-11-27,46685.24
UVC0011,CHIP HONG FARM PRODUCT,2022-12-04,34355.0
UVC0011,CHIP HONG FARM PRODUCT,2022-12-11,17144.7535
UVC0011,CHIP HONG FARM PRODUCT,2022-12-18,8647.31
UVC0011,CHIP HONG FARM PRODUCT,2022-12-25,15853.881000000001
UVC0011,CHIP HONG FARM PRODUCT,2023-01-01,315.65999999999997
UVC0014,COSS FOOD MARKETING PTE LTD,2022-10-09,550.0
UVC0014,COSS FOOD MARKETING PTE LTD,2022-10-16,275.0
UVC0014,COSS FOOD MARKETING PTE LTD,2022-10-23,78.39999999999999
UVC0014,COSS FOOD MARKETING PTE LTD,2022-10-30,1811.0
UVC0014,COSS FOOD MARKETING PTE LTD,2022-11-06,330.0
UVC0014,COSS FOOD MARKETING PTE LTD,2022-11-13,39.199999999999996
UVC0014,COSS FOOD MARKETING PTE LTD,2022-11-20,275.0
UVC0014,COSS FOOD MARKETING PTE LTD,2022-11-27,353.4
UVC0014,COSS FOOD MARKETING PTE LTD,2022-12-04,385.0
UVC0014,COSS FOOD MARKETING PTE LTD,2022-12-11,275.0
UVC0014,COSS FOOD MARKETING PTE LTD,2022-12-18,667.6
UVC0014,COSS FOOD MARKETING PTE LTD,2022-12-25,1866.0
UVC0014,COSS FOOD MARKETING PTE LTD,2023-01-01,275.0
UVC0015,CASH SUPPLIER (GST),2022-12-11,1090.22
UVC0025,CHEE SONG FOODS PTE LTD,2022-10-09,2991.45
UVC0025,CHEE SONG FOODS PTE LTD,2022-10-16,3093.3
UVC0025,CHEE SONG FOODS PTE LTD,2022-10-23,4313.28
UVC0025,CHEE SONG FOODS PTE LTD,2022-10-30,6297.45
UVC0025,CHEE SONG FOODS PTE LTD,2022-11-06,0.0
UVC0025,CHEE SONG FOODS PTE LTD,2022-11-13,5912.125
UVC0025,CHEE SONG FOODS PTE LTD,2022-11-20,5571.575
UVC0025,CHEE SONG FOODS PTE LTD,2022-11-27,1954.7150000000001
UVC0025,CHEE SONG FOODS PTE LTD,2022-12-04,4839.795
UVC0025,CHEE SONG FOODS PTE LTD,2022-12-11,2871.85
UVC0025,CHEE SONG FOODS PTE LTD,2022-12-18,3008.9350000000004
UVC0025,CHEE SONG FOODS PTE LTD,2022-12-25,8104.215
UVC0025,CHEE SONG FOODS PTE LTD,2023-01-01,2573.561
UVC0029,CLASSIC FINE FOODS (S) PTE LTD,2022-12-11,51.480000000000004
UVC0029,CLASSIC FINE FOODS (S) PTE LTD,2022-12-18,0.0
UVC0029,CLASSIC FINE FOODS (S) PTE LTD,2022-12-25,680.1600000000001
UVC0035,TECK CASH SUPPLIER (NON-GST),2022-11-06,944.0500000000001
UVC0035,TECK CASH SUPPLIER (NON-GST),2022-11-13,0.0
UVC0035,TECK CASH SUPPLIER (NON-GST),2022-11-20,0.0
UVC0035,TECK CASH SUPPLIER (NON-GST),2022-11-27,0.0
UVC0035,TECK CASH SUPPLIER (NON-GST),2022-12-04,0.0
UVC0035,TECK CASH SUPPLIER (NON-GST),2022-12-11,0.0
UVC0035,TECK CASH SUPPLIER (NON-GST),2022-12-18,2388.0
UVC0035,TECK CASH SUPPLIER (NON-GST),2022-12-25,14.008
UVC0035,TECK CASH SUPPLIER (NON-GST),2023-01-01,4577.95
UVC0038,CELESTIAL VENTURES SDN BHD,2022-10-16,7095.0
UVC0038,CELESTIAL VENTURES SDN BHD,2022-10-23,0.0
UVC0038,CELESTIAL VENTURES SDN BHD,2022-10-30,0.0
UVC0038,CELESTIAL VENTURES SDN BHD,2022-11-06,0.0
UVC0038,CELESTIAL VENTURES SDN BHD,2022-11-13,0.0
UVC0038,CELESTIAL VENTURES SDN BHD,2022-11-20,0.0
UVC0038,CELESTIAL VENTURES SDN BHD,2022-11-27,7335.0
UVC0038,CELESTIAL VENTURES SDN BHD,2022-12-04,0.0
UVC0038,CELESTIAL VENTURES SDN BHD,2022-12-11,0.0
UVC0038,CELESTIAL VENTURES SDN BHD,2022-12-18,0.0
UVC0038,CELESTIAL VENTURES SDN BHD,2022-12-25,7275.0
UVC0039,CHUN LEI TRADING PTE LTD,2022-11-13,71.5
UVC0039,CHUN LEI TRADING PTE LTD,2022-11-20,0.0
UVC0039,CHUN LEI TRADING PTE LTD,2022-11-27,0.0
UVC0039,CHUN LEI TRADING PTE LTD,2022-12-04,0.0
UVC0039,CHUN LEI TRADING PTE LTD,2022-12-11,0.0
UVC0039,CHUN LEI TRADING PTE LTD,2022-12-18,0.0
UVC0039,CHUN LEI TRADING PTE LTD,2022-12-25,0.0
UVC0039,CHUN LEI TRADING PTE LTD,2023-01-01,268.128
UVD0001,DCH AURIGA (SINGAPORE),2022-10-09,1504.0
UVD0001,DCH AURIGA (SINGAPORE),2022-10-16,0.0
UVD0001,DCH AURIGA (SINGAPORE),2022-10-23,0.0
UVD0001,DCH AURIGA (SINGAPORE),2022-10-30,0.0
UVD0001,DCH AURIGA (SINGAPORE),2022-11-06,0.0
UVD0001,DCH AURIGA (SINGAPORE),2022-11-13,0.0
UVD0001,DCH AURIGA (SINGAPORE),2022-11-20,0.0
UVD0001,DCH AURIGA (SINGAPORE),2022-11-27,0.0
UVD0001,DCH AURIGA (SINGAPORE),2022-12-04,0.0
UVD0001,DCH AURIGA (SINGAPORE),2022-12-11,752.0
UVE0001,EASTERN HARVEST FOODS (S) PTE LTD,2022-10-02,175.0
UVE0001,EASTERN HARVEST FOODS (S) PTE LTD,2022-10-09,4640.0
UVE0001,EASTERN HARVEST FOODS (S) PTE LTD,2022-10-16,4294.42
UVE0001,EASTERN HARVEST FOODS (S) PTE LTD,2022-10-23,2988.4
UVE0001,EASTERN HARVEST FOODS (S) PTE LTD,2022-10-30,4678.6
UVE0001,EASTERN HARVEST FOODS (S) PTE LTD,2022-11-06,4337.48
UVE0001,EASTERN HARVEST FOODS (S) PTE LTD,2022-11-13,3903.4
UVE0001,EASTERN HARVEST FOODS (S) PTE LTD,2022-11-20,4590.0
UVE0001,EASTERN HARVEST FOODS (S) PTE LTD,2022-11-27,3339.26
UVE0001,EASTERN HARVEST FOODS (S) PTE LTD,2022-12-04,4785.0
UVE0001,EASTERN HARVEST FOODS (S) PTE LTD,2022-12-11,5201.0
UVE0001,EASTERN HARVEST FOODS (S) PTE LTD,2022-12-18,4483.0
UVE0001,EASTERN HARVEST FOODS (S) PTE LTD,2022-12-25,4951.6
UVE0001,EASTERN HARVEST FOODS (S) PTE LTD,2023-01-01,11986.26
UVE0008,EURACO FINEFOOD PTE LTD,2022-12-04,10658.18
UVE0008,EURACO FINEFOOD PTE LTD,2022-12-11,0.0
UVE0008,EURACO FINEFOOD PTE LTD,2022-12-18,9856.08
UVE0008,EURACO FINEFOOD PTE LTD,2022-12-25,0.0
UVE0008,EURACO FINEFOOD PTE LTD,2023-01-01,10220.08
UVE0011,EURASIA FOOD SUPPLY PTE LTD,2022-10-02,611.6
UVE0011,EURASIA FOOD SUPPLY PTE LTD,2022-10-09,0.0
UVE0011,EURASIA FOOD SUPPLY PTE LTD,2022-10-16,600.6
UVE0011,EURASIA FOOD SUPPLY PTE LTD,2022-10-23,583.0
UVE0011,EURASIA FOOD SUPPLY PTE LTD,2022-10-30,0.0
UVE0011,EURASIA FOOD SUPPLY PTE LTD,2022-11-06,635.8
UVE0011,EURASIA FOOD SUPPLY PTE LTD,2022-11-13,608.3
UVE0011,EURASIA FOOD SUPPLY PTE LTD,2022-11-20,599.5
UVE0011,EURASIA FOOD SUPPLY PTE LTD,2022-11-27,622.6
UVE0011,EURASIA FOOD SUPPLY PTE LTD,2022-12-04,166.0
UVE0011,EURASIA FOOD SUPPLY PTE LTD,2022-12-11,633.6
UVE0011,EURASIA FOOD SUPPLY PTE LTD,2022-12-18,678.7
UVE0011,EURASIA FOOD SUPPLY PTE LTD,2022-12-25,1202.11
UVE0011,EURASIA FOOD SUPPLY PTE LTD,2023-01-01,1271.0
UVE0012,EMERGING SUCCESS PTE LTD,2022-10-16,1680.0
UVE0012,EMERGING SUCCESS PTE LTD,2022-10-23,225.0
UVE0012,EMERGING SUCCESS PTE LTD,2022-10-30,0.0
UVE0012,EMERGING SUCCESS PTE LTD,2022-11-06,7600.0
UVE0012,EMERGING SUCCESS PTE LTD,2022-11-13,0.0
UVE0012,EMERGING SUCCESS PTE LTD,2022-11-20,0.0
UVE0012,EMERGING SUCCESS PTE LTD,2022-11-27,0.0
UVE0012,EMERGING SUCCESS PTE LTD,2022-12-04,0.0
UVE0012,EMERGING SUCCESS PTE LTD,2022-12-11,0.0
UVE0012,EMERGING SUCCESS PTE LTD,2022-12-18,660.0
UVE0012,EMERGING SUCCESS PTE LTD,2022-12-25,500.0
UVE0012,EMERGING SUCCESS PTE LTD,2023-01-01,6526.3275
UVF0017,FOODPRIDE,2022-10-23,302.40000000000003
UVF0017,FOODPRIDE,2022-10-30,302.40000000000003
UVF0021,FARMFOOD TRADING PTE LTD,2022-10-09,11346.26
UVF0021,FARMFOOD TRADING PTE LTD,2022-10-16,16039.779999999999
UVF0021,FARMFOOD TRADING PTE LTD,2022-10-23,7213.1
UVF0021,FARMFOOD TRADING PTE LTD,2022-10-30,16030.26
UVF0021,FARMFOOD TRADING PTE LTD,2022-11-06,7955.219999999999
UVF0021,FARMFOOD TRADING PTE LTD,2022-11-13,11648.2
UVF0021,FARMFOOD TRADING PTE LTD,2022-11-20,21380.6
UVF0021,FARMFOOD TRADING PTE LTD,2022-11-27,21313.120000000003
UVF0021,FARMFOOD TRADING PTE LTD,2022-12-04,12655.0
UVF0021,FARMFOOD TRADING PTE LTD,2022-12-11,18259.88
UVF0021,FARMFOOD TRADING PTE LTD,2022-12-18,13623.0
UVF0021,FARMFOOD TRADING PTE LTD,2022-12-25,14390.28
UVF0021,FARMFOOD TRADING PTE LTD,2023-01-01,27622.2
UVG0001,GOODCROP PTE LTD,2022-10-16,3456.0
UVG0001,GOODCROP PTE LTD,2022-10-23,3444.0
UVG0001,GOODCROP PTE LTD,2022-10-30,5016.0
UVG0001,GOODCROP PTE LTD,2022-11-06,1890.0
UVG0001,GOODCROP PTE LTD,2022-11-13,780.0
UVG0001,GOODCROP PTE LTD,2022-11-20,780.0
UVG0001,GOODCROP PTE LTD,2022-11-27,780.0
UVG0001,GOODCROP PTE LTD,2022-12-04,3443.1000000000004
UVG0001,GOODCROP PTE LTD,2022-12-11,1170.0
UVG0001,GOODCROP PTE LTD,2022-12-18,462.162
UVG0001,GOODCROP PTE LTD,2022-12-25,1170.0
UVG0005,OTS INTERNATIONAL PTE LTD,2022-11-06,552.0
UVG0005,OTS INTERNATIONAL PTE LTD,2022-11-13,0.0
UVG0005,OTS INTERNATIONAL PTE LTD,2022-11-20,0.0
UVG0005,OTS INTERNATIONAL PTE LTD,2022-11-27,0.0
UVG0005,OTS INTERNATIONAL PTE LTD,2022-12-04,0.0
UVG0005,OTS INTERNATIONAL PTE LTD,2022-12-11,0.0
UVG0005,OTS INTERNATIONAL PTE LTD,2022-12-18,0.0
UVG0005,OTS INTERNATIONAL PTE LTD,2022-12-25,552.0
UVG0006,GUAN SENG COOKED FISH MERCHANT,2022-10-09,840.0
UVG0006,GUAN SENG COOKED FISH MERCHANT,2022-10-16,0.0
UVG0006,GUAN SENG COOKED FISH MERCHANT,2022-10-23,840.0
UVG0006,GUAN SENG COOKED FISH MERCHANT,2022-10-30,0.0
UVG0006,GUAN SENG COOKED FISH MERCHANT,2022-11-06,660.0
UVG0006,GUAN SENG COOKED FISH MERCHANT,2022-11-13,0.0
UVG0006,GUAN SENG COOKED FISH MERCHANT,2022-11-20,0.0
UVG0006,GUAN SENG COOKED FISH MERCHANT,2022-11-27,0.0
UVG0006,GUAN SENG COOKED FISH MERCHANT,2022-12-04,660.0
UVG0006,GUAN SENG COOKED FISH MERCHANT,2022-12-11,1800.0
UVG0006,GUAN SENG COOKED FISH MERCHANT,2022-12-18,0.0
UVG0006,GUAN SENG COOKED FISH MERCHANT,2022-12-25,1650.0
UVG0013,GUANGDONG IMPORT & EXPORT PTE LTD,2022-12-18,129.92
UVG0013,GUANGDONG IMPORT & EXPORT PTE LTD,2022-12-25,194.88
UVG0013,GUANGDONG IMPORT & EXPORT PTE LTD,2023-01-01,194.88
UVG0016,GOLD HOG SUPPLY PTE LTD,2022-10-02,2006.3999999999999
UVG0016,GOLD HOG SUPPLY PTE LTD,2022-10-09,0.0
UVG0016,GOLD HOG SUPPLY PTE LTD,2022-10-16,2298.6479999999997
UVG0016,GOLD HOG SUPPLY PTE LTD,2022-10-23,4768.914000000001
UVG0016,GOLD HOG SUPPLY PTE LTD,2022-10-30,0.0
UVG0016,GOLD HOG SUPPLY PTE LTD,2022-11-06,188.64
UVG0016,GOLD HOG SUPPLY PTE LTD,2022-11-13,2658.642
UVG0016,GOLD HOG SUPPLY PTE LTD,2022-11-20,14429.646
UVG0016,GOLD HOG SUPPLY PTE LTD,2022-11-27,39158.235
UVG0016,GOLD HOG SUPPLY PTE LTD,2022-12-04,3781.0950000000003
UVG0016,GOLD HOG SUPPLY PTE LTD,2022-12-11,4178.130000000001
UVG0016,GOLD HOG SUPPLY PTE LTD,2022-12-18,1786.0500000000002
UVG0016,GOLD HOG SUPPLY PTE LTD,2022-12-25,4258.177
UVG0016,GOLD HOG SUPPLY PTE LTD,2023-01-01,7475.985
UVG0024,GOING BLUE TRADING COMPANY LIMITED,2022-10-09,140550.0
UVG0025,GOURMET CHEFS PTE LTD,2022-10-02,140.0
UVG0025,GOURMET CHEFS PTE LTD,2022-10-09,580.0
UVG0025,GOURMET CHEFS PTE LTD,2022-10-16,0.0
UVG0025,GOURMET CHEFS PTE LTD,2022-10-23,704.0
UVG0025,GOURMET CHEFS PTE LTD,2022-10-30,450.0
UVG0025,GOURMET CHEFS PTE LTD,2022-11-06,0.0
UVG0025,GOURMET CHEFS PTE LTD,2022-11-13,440.00000000000006
UVG0025,GOURMET CHEFS PTE LTD,2022-11-20,880.0000000000001
UVG0025,GOURMET CHEFS PTE LTD,2022-11-27,0.0
UVG0025,GOURMET CHEFS PTE LTD,2022-12-04,440.00000000000006
UVG0025,GOURMET CHEFS PTE LTD,2022-12-11,730.0
UVG0025,GOURMET CHEFS PTE LTD,2022-12-18,440.00000000000006
UVG0025,GOURMET CHEFS PTE LTD,2022-12-25,1504.0000000000002
UVG0025,GOURMET CHEFS PTE LTD,2023-01-01,453.00000000000006
UVG009,GENERAL MEAT CORPORATION PTE LTD,2022-11-06,73.19999999999999
UVH0004,HA LI FA PTE LTD,2022-10-09,1080.0
UVH0004,HA LI FA PTE LTD,2022-10-16,1080.0
UVH0004,HA LI FA PTE LTD,2022-10-23,1080.0
UVH0019,HUP HENG POULTRY INDUSTRIES PTE LTD,2022-10-09,267.352
UVH0019,HUP HENG POULTRY INDUSTRIES PTE LTD,2022-10-16,425.5
UVH0019,HUP HENG POULTRY INDUSTRIES PTE LTD,2022-10-23,411.0
UVH0019,HUP HENG POULTRY INDUSTRIES PTE LTD,2022-10-30,388.54999999999995
UVH0019,HUP HENG POULTRY INDUSTRIES PTE LTD,2022-11-06,395.59999999999997
UVH0019,HUP HENG POULTRY INDUSTRIES PTE LTD,2022-11-13,993.22
UVH0019,HUP HENG POULTRY INDUSTRIES PTE LTD,2022-11-20,568.3199999999999
UVH0019,HUP HENG POULTRY INDUSTRIES PTE LTD,2022-11-27,816.24
UVH0019,HUP HENG POULTRY INDUSTRIES PTE LTD,2022-12-04,888.0
UVH0019,HUP HENG POULTRY INDUSTRIES PTE LTD,2022-12-11,502.53999999999996
UVH0019,HUP HENG POULTRY INDUSTRIES PTE LTD,2022-12-18,1359.72
UVH0019,HUP HENG POULTRY INDUSTRIES PTE LTD,2022-12-25,1158.1799999999998
UVH0019,HUP HENG POULTRY INDUSTRIES PTE LTD,2023-01-01,190.89999999999998
UVH0021,HEINRICH FOOD PTE LTD,2022-11-27,3108.9900000000002
UVH0021,HEINRICH FOOD PTE LTD,2022-12-04,0.0
UVH0021,HEINRICH FOOD PTE LTD,2022-12-11,2291.7938
UVH0029,SUPER HI DINING,2022-10-16,7002.09
UVH0029,SUPER HI DINING,2022-10-23,0.0
UVH0029,SUPER HI DINING,2022-10-30,0.0
UVH0029,SUPER HI DINING,2022-11-06,0.0
UVH0029,SUPER HI DINING,2022-11-13,1000.0
UVH0029,SUPER HI DINING,2022-11-20,0.0
UVH0029,SUPER HI DINING,2022-11-27,0.0
UVH0029,SUPER HI DINING,2022-12-04,500.0
UVH0029,SUPER HI DINING,2022-12-11,5400.0
UVH0029,SUPER HI DINING,2022-12-18,0.0
UVH0029,SUPER HI DINING,2022-12-25,1000.0
UVH0030,HUBER'S PTE LTD,2022-10-30,541.45
UVH0030,HUBER'S PTE LTD,2022-11-06,521.22
UVH0030,HUBER'S PTE LTD,2022-11-13,0.0
UVH0030,HUBER'S PTE LTD,2022-11-20,0.0
UVH0030,HUBER'S PTE LTD,2022-11-27,510.0
UVH0030,HUBER'S PTE LTD,2022-12-04,542.3
UVH0030,HUBER'S PTE LTD,2022-12-11,0.0
UVH0030,HUBER'S PTE LTD,2022-12-18,0.0
UVH0030,HUBER'S PTE LTD,2022-12-25,0.0
UVH0030,HUBER'S PTE LTD,2023-01-01,519.01
UVH0094,HUP PENG TRADING (2005) PTE LTD,2022-12-04,780.0
UVI0001,INTERNATIONAL FOOD CONNECTORS BV,2022-10-30,51350.0
UVI0001,INTERNATIONAL FOOD CONNECTORS BV,2022-11-06,0.0
UVI0001,INTERNATIONAL FOOD CONNECTORS BV,2022-11-13,184788.68099999998
UVI0005,INTEROCEAN FOODS PTE LTD,2022-10-09,6480.0
UVI0005,INTEROCEAN FOODS PTE LTD,2022-10-16,12960.0
UVI0005,INTEROCEAN FOODS PTE LTD,2022-10-23,19440.0
UVI0005,INTEROCEAN FOODS PTE LTD,2022-10-30,0.0
UVI0005,INTEROCEAN FOODS PTE LTD,2022-11-06,0.0
UVI0005,INTEROCEAN FOODS PTE LTD,2022-11-13,7784.946
UVI0005,INTEROCEAN FOODS PTE LTD,2022-11-20,42668.513999999996
UVI0005,INTEROCEAN FOODS PTE LTD,2022-11-27,18252.288
UVI0005,INTEROCEAN FOODS PTE LTD,2022-12-04,30843.536
UVI0005,INTEROCEAN FOODS PTE LTD,2022-12-11,22704.696
UVI0005,INTEROCEAN FOODS PTE LTD,2022-12-18,30799.532
UVI0005,INTEROCEAN FOODS PTE LTD,2022-12-25,5412.872
UVI0005,INTEROCEAN FOODS PTE LTD,2023-01-01,15819.974999999999
UVI0011,ISMY PTE LTD,2022-10-02,2016.0
UVI0011,ISMY PTE LTD,2022-10-09,0.0
UVI0011,ISMY PTE LTD,2022-10-16,1660.0
UVJ0001,JCS SHRIMPS PTE LTD,2022-10-16,1551.2
UVJ0001,JCS SHRIMPS PTE LTD,2022-10-23,0.0
UVJ0001,JCS SHRIMPS PTE LTD,2022-10-30,0.0
UVJ0001,JCS SHRIMPS PTE LTD,2022-11-06,0.0
UVJ0001,JCS SHRIMPS PTE LTD,2022-11-13,331.20000000000005
UVJ0001,JCS SHRIMPS PTE LTD,2022-11-20,3838.15
UVJ0001,JCS SHRIMPS PTE LTD,2022-11-27,0.0
UVJ0001,JCS SHRIMPS PTE LTD,2022-12-04,0.0
UVJ0001,JCS SHRIMPS PTE LTD,2022-12-11,1236.0
UVJ0001,JCS SHRIMPS PTE LTD,2022-12-18,0.0
UVJ0001,JCS SHRIMPS PTE LTD,2022-12-25,1072.8000000000002
UVJ0001,JCS SHRIMPS PTE LTD,2023-01-01,5113.2
UVJ0005,JORDON INTERNATIONAL FOOD PROCESSING P/L,2022-10-09,4035.9
UVJ0005,JORDON INTERNATIONAL FOOD PROCESSING P/L,2022-10-16,7977.5
UVJ0005,JORDON INTERNATIONAL FOOD PROCESSING P/L,2022-10-23,3760.0
UVJ0005,JORDON INTERNATIONAL FOOD PROCESSING P/L,2022-10-30,7520.0
UVJ0005,JORDON INTERNATIONAL FOOD PROCESSING P/L,2022-11-06,3760.0
UVJ0005,JORDON INTERNATIONAL FOOD PROCESSING P/L,2022-11-13,3760.0
UVJ0005,JORDON INTERNATIONAL FOOD PROCESSING P/L,2022-11-20,3760.0
UVJ0005,JORDON INTERNATIONAL FOOD PROCESSING P/L,2022-11-27,3760.0
UVJ0005,JORDON INTERNATIONAL FOOD PROCESSING P/L,2022-12-04,5640.0
UVJ0005,JORDON INTERNATIONAL FOOD PROCESSING P/L,2022-12-11,3760.0
UVJ0005,JORDON INTERNATIONAL FOOD PROCESSING P/L,2022-12-18,3760.0
UVJ0005,JORDON INTERNATIONAL FOOD PROCESSING P/L,2022-12-25,9400.0
UVJ0005,JORDON INTERNATIONAL FOOD PROCESSING P/L,2023-01-01,3760.0
UVJ0018,JB FROZEN FOOD PTE LTD,2022-10-09,17550.0
UVJ0018,JB FROZEN FOOD PTE LTD,2022-10-16,17550.0
UVJ0018,JB FROZEN FOOD PTE LTD,2022-10-23,0.0
UVJ0018,JB FROZEN FOOD PTE LTD,2022-10-30,0.0
UVJ0018,JB FROZEN FOOD PTE LTD,2022-11-06,0.0
UVJ0018,JB FROZEN FOOD PTE LTD,2022-11-13,22572.0
UVJ0018,JB FROZEN FOOD PTE LTD,2022-11-20,4080.728
UVJ0018,JB FROZEN FOOD PTE LTD,2022-11-27,33704.153
UVJ0018,JB FROZEN FOOD PTE LTD,2022-12-04,24805.65
UVJ0018,JB FROZEN FOOD PTE LTD,2022-12-11,6560.6
UVJ0018,JB FROZEN FOOD PTE LTD,2022-12-18,8400.0
UVJ0018,JB FROZEN FOOD PTE LTD,2022-12-25,4722.4
UVJ0018,JB FROZEN FOOD PTE LTD,2023-01-01,5600.0
UVK0002,KOH SEE LONG FOOD PTE LTD,2022-10-16,306.0
UVK0002,KOH SEE LONG FOOD PTE LTD,2022-10-23,3217.752
UVK0002,KOH SEE LONG FOOD PTE LTD,2022-10-30,121.19999999999999
UVK0002,KOH SEE LONG FOOD PTE LTD,2022-11-06,5389.200999999999
UVK0002,KOH SEE LONG FOOD PTE LTD,2022-11-13,2042.954
UVK0002,KOH SEE LONG FOOD PTE LTD,2022-11-20,1055.952
UVK0002,KOH SEE LONG FOOD PTE LTD,2022-11-27,16290.303999999998
UVK0002,KOH SEE LONG FOOD PTE LTD,2022-12-04,1257.93
UVK0002,KOH SEE LONG FOOD PTE LTD,2022-12-11,2805.962
UVK0002,KOH SEE LONG FOOD PTE LTD,2022-12-18,4390.602
UVK0002,KOH SEE LONG FOOD PTE LTD,2022-12-25,1623.652
UVK0002,KOH SEE LONG FOOD PTE LTD,2023-01-01,5199.206
UVK0007,KENDO TRADING PTE LTD,2022-10-02,768.2900000000001
UVK0007,KENDO TRADING PTE LTD,2022-10-09,1090.91
UVK0007,KENDO TRADING PTE LTD,2022-10-16,340.38
UVK0007,KENDO TRADING PTE LTD,2022-10-23,2679.7896
UVK0007,KENDO TRADING PTE LTD,2022-10-30,1639.1840000000002
UVK0007,KENDO TRADING PTE LTD,2022-11-06,1821.52
UVK0007,KENDO TRADING PTE LTD,2022-11-13,1475.48
UVK0007,KENDO TRADING PTE LTD,2022-11-20,901.202
UVK0007,KENDO TRADING PTE LTD,2022-11-27,352.4
UVK0007,KENDO TRADING PTE LTD,2022-12-04,1826.7524
UVK0007,KENDO TRADING PTE LTD,2022-12-11,1169.8752
UVK0007,KENDO TRADING PTE LTD,2022-12-18,982.436
UVK0007,KENDO TRADING PTE LTD,2022-12-25,565.802
UVK0007,KENDO TRADING PTE LTD,2023-01-01,300.62
UVK0008,KEE SONG FOOD CORPORTION (S) PTE LTD,2022-10-02,122.80000000000001
UVK0008,KEE SONG FOOD CORPORTION (S) PTE LTD,2022-10-09,208.70000000000002
UVK0008,KEE SONG FOOD CORPORTION (S) PTE LTD,2022-10-16,441.55
UVK0008,KEE SONG FOOD CORPORTION (S) PTE LTD,2022-10-23,1916.8
UVK0008,KEE SONG FOOD CORPORTION (S) PTE LTD,2022-10-30,1215.35
UVK0008,KEE SONG FOOD CORPORTION (S) PTE LTD,2022-11-06,524.1
UVK0008,KEE SONG FOOD CORPORTION (S) PTE LTD,2022-11-13,522.3
UVK0008,KEE SONG FOOD CORPORTION (S) PTE LTD,2022-11-20,377.3
UVK0008,KEE SONG FOOD CORPORTION (S) PTE LTD,2022-11-27,424.20000000000005
UVK0008,KEE SONG FOOD CORPORTION (S) PTE LTD,2022-12-04,631.65
UVK0008,KEE SONG FOOD CORPORTION (S) PTE LTD,2022-12-11,357.45
UVK0008,KEE SONG FOOD CORPORTION (S) PTE LTD,2022-12-18,417.05
UVK0008,KEE SONG FOOD CORPORTION (S) PTE LTD,2022-12-25,536.65
UVK0008,KEE SONG FOOD CORPORTION (S) PTE LTD,2023-01-01,183.35
UVK0011,KAI YOUNG HUAT EGGS PTE LTD,2022-10-16,450.0
UVK0011,KAI YOUNG HUAT EGGS PTE LTD,2022-10-23,0.0
UVK0011,KAI YOUNG HUAT EGGS PTE LTD,2022-10-30,0.0
UVK0011,KAI YOUNG HUAT EGGS PTE LTD,2022-11-06,450.0
UVK0011,KAI YOUNG HUAT EGGS PTE LTD,2022-11-13,0.0
UVK0011,KAI YOUNG HUAT EGGS PTE LTD,2022-11-20,0.0
UVK0011,KAI YOUNG HUAT EGGS PTE LTD,2022-11-27,0.0
UVK0011,KAI YOUNG HUAT EGGS PTE LTD,2022-12-04,450.0
UVK0011,KAI YOUNG HUAT EGGS PTE LTD,2022-12-11,450.0
UVK0014,KINGSUN FOODS CO LIMITED,2022-10-16,62653.28
UVK0018,KIDA FOOD TRADING PTE LTD,2022-10-09,370.03999999999996
UVK0018,KIDA FOOD TRADING PTE LTD,2022-10-16,526.6800000000001
UVK0018,KIDA FOOD TRADING PTE LTD,2022-10-23,332.2
UVK0018,KIDA FOOD TRADING PTE LTD,2022-10-30,262.24
UVK0018,KIDA FOOD TRADING PTE LTD,2022-11-06,0.0
UVK0018,KIDA FOOD TRADING PTE LTD,2022-11-13,539.66
UVK0018,KIDA FOOD TRADING PTE LTD,2022-11-20,527.3399999999999
UVK0018,KIDA FOOD TRADING PTE LTD,2022-11-27,183.92
UVK0018,KIDA FOOD TRADING PTE LTD,2022-12-04,311.52
UVK0018,KIDA FOOD TRADING PTE LTD,2022-12-11,346.72
UVK0018,KIDA FOOD TRADING PTE LTD,2022-12-18,536.3599999999999
UVK0018,KIDA FOOD TRADING PTE LTD,2022-12-25,363.44
UVK0018,KIDA FOOD TRADING PTE LTD,2023-01-01,323.17999999999995
UVL0002,LI CHUAN FOOD PRODUCTS PTE LTD,2022-10-02,220.0
UVL0002,LI CHUAN FOOD PRODUCTS PTE LTD,2022-10-09,665.2
UVL0002,LI CHUAN FOOD PRODUCTS PTE LTD,2022-10-16,647.7
UVL0002,LI CHUAN FOOD PRODUCTS PTE LTD,2022-10-23,560.0
UVL0002,LI CHUAN FOOD PRODUCTS PTE LTD,2022-10-30,340.0
UVL0002,LI CHUAN FOOD PRODUCTS PTE LTD,2022-11-06,560.0
UVL0002,LI CHUAN FOOD PRODUCTS PTE LTD,2022-11-13,609.75
UVL0002,LI CHUAN FOOD PRODUCTS PTE LTD,2022-11-20,275.0
UVL0002,LI CHUAN FOOD PRODUCTS PTE LTD,2022-11-27,627.0
UVL0002,LI CHUAN FOOD PRODUCTS PTE LTD,2022-12-04,295.0
UVL0002,LI CHUAN FOOD PRODUCTS PTE LTD,2022-12-11,524.0
UVL0002,LI CHUAN FOOD PRODUCTS PTE LTD,2022-12-18,497.2
UVL0002,LI CHUAN FOOD PRODUCTS PTE LTD,2022-12-25,550.0
UVL0002,LI CHUAN FOOD PRODUCTS PTE LTD,2023-01-01,343.85
UVL0005,LEE HUAT SEAFOOD SUPPLIER,2022-10-16,775.0
UVL0005,LEE HUAT SEAFOOD SUPPLIER,2022-10-23,1375.0
UVL0005,LEE HUAT SEAFOOD SUPPLIER,2022-10-30,2175.0
UVL0005,LEE HUAT SEAFOOD SUPPLIER,2022-11-06,0.0
UVL0005,LEE HUAT SEAFOOD SUPPLIER,2022-11-13,2740.0
UVL0005,LEE HUAT SEAFOOD SUPPLIER,2022-11-20,875.0
UVL0005,LEE HUAT SEAFOOD SUPPLIER,2022-11-27,2336.9700000000003
UVL0005,LEE HUAT SEAFOOD SUPPLIER,2022-12-04,3595.0
UVL0005,LEE HUAT SEAFOOD SUPPLIER,2022-12-11,1025.0
UVL0005,LEE HUAT SEAFOOD SUPPLIER,2022-12-18,2350.0
UVL0005,LEE HUAT SEAFOOD SUPPLIER,2022-12-25,3025.0
UVL0005,LEE HUAT SEAFOOD SUPPLIER,2023-01-01,3925.0
UVL0013,LIM SIANG HUAT PTE LTD,2022-11-20,4680.0
UVL0013,LIM SIANG HUAT PTE LTD,2022-11-27,9360.0
UVL0013,LIM SIANG HUAT PTE LTD,2022-12-04,7020.0
UVL0013,LIM SIANG HUAT PTE LTD,2022-12-11,7020.0
UVL0013,LIM SIANG HUAT PTE LTD,2022-12-18,2340.0
UVL0013,LIM SIANG HUAT PTE LTD,2022-12-25,0.0
UVL0013,LIM SIANG HUAT PTE LTD,2023-01-01,17280.0
UVL0014,LP EXPORT DMCC,2022-10-30,109619.99999999999
UVL0014,LP EXPORT DMCC,2022-11-06,61181.2
UVL0014,LP EXPORT DMCC,2022-11-13,109080.0
UVL0024,LAM KEE FISHERIES PTE LTD,2022-10-09,9750.0
UVL0024,LAM KEE FISHERIES PTE LTD,2022-10-16,0.0
UVL0024,LAM KEE FISHERIES PTE LTD,2022-10-23,0.0
UVL0024,LAM KEE FISHERIES PTE LTD,2022-10-30,0.0
UVL0024,LAM KEE FISHERIES PTE LTD,2022-11-06,5850.0
UVL0024,LAM KEE FISHERIES PTE LTD,2022-11-13,0.0
UVL0024,LAM KEE FISHERIES PTE LTD,2022-11-20,3660.0
UVL0024,LAM KEE FISHERIES PTE LTD,2022-11-27,8235.0
UVL0024,LAM KEE FISHERIES PTE LTD,2022-12-04,0.0
UVL0024,LAM KEE FISHERIES PTE LTD,2022-12-11,5490.0
UVL0024,LAM KEE FISHERIES PTE LTD,2022-12-18,0.0
UVL0024,LAM KEE FISHERIES PTE LTD,2022-12-25,5310.0
UVL0024,LAM KEE FISHERIES PTE LTD,2023-01-01,3540.0
UVL0026,LEONG HUP DISTRIBUTION PTE LTD,2022-10-02,877.5
UVL0027,LIAN HE FA FOOD MANUFACTURING SDN BHD,2022-10-09,1019.9999999999999
UVL0027,LIAN HE FA FOOD MANUFACTURING SDN BHD,2022-10-16,918.0
UVL0027,LIAN HE FA FOOD MANUFACTURING SDN BHD,2022-10-23,1581.0
UVL0027,LIAN HE FA FOOD MANUFACTURING SDN BHD,2022-10-30,663.0
UVL0027,LIAN HE FA FOOD MANUFACTURING SDN BHD,2022-11-06,1019.9999999999999
UVL0027,LIAN HE FA FOOD MANUFACTURING SDN BHD,2022-11-13,1173.0
UVL0027,LIAN HE FA FOOD MANUFACTURING SDN BHD,2022-11-20,968.9999999999999
UVL0027,LIAN HE FA FOOD MANUFACTURING SDN BHD,2022-11-27,1274.9999999999998
UVL0027,LIAN HE FA FOOD MANUFACTURING SDN BHD,2022-12-04,1274.9999999999998
UVL0027,LIAN HE FA FOOD MANUFACTURING SDN BHD,2022-12-11,1019.9999999999999
UVL0027,LIAN HE FA FOOD MANUFACTURING SDN BHD,2022-12-18,1173.0
UVL0027,LIAN HE FA FOOD MANUFACTURING SDN BHD,2022-12-25,1274.9999999999998
UVL0027,LIAN HE FA FOOD MANUFACTURING SDN BHD,2023-01-01,1274.9999999999998
UVL0032,LONG YUE TENG TRADING PTE LTD,2022-10-30,330.0
UVL0032,LONG YUE TENG TRADING PTE LTD,2022-11-06,0.0
UVL0032,LONG YUE TENG TRADING PTE LTD,2022-11-13,0.0
UVL0032,LONG YUE TENG TRADING PTE LTD,2022-11-20,1586.0
UVL0032,LONG YUE TENG TRADING PTE LTD,2022-11-27,66.0
UVM0001,MUA HIN POULTRY FARM PTE LTD,2022-10-02,4150.0
UVM0001,MUA HIN POULTRY FARM PTE LTD,2022-10-09,6940.0
UVM0001,MUA HIN POULTRY FARM PTE LTD,2022-10-16,10315.0
UVM0001,MUA HIN POULTRY FARM PTE LTD,2022-10-23,15276.0
UVM0001,MUA HIN POULTRY FARM PTE LTD,2022-10-30,5382.0
UVM0001,MUA HIN POULTRY FARM PTE LTD,2022-11-06,14010.2
UVM0001,MUA HIN POULTRY FARM PTE LTD,2022-11-13,27441.25
UVM0001,MUA HIN POULTRY FARM PTE LTD,2022-11-20,18821.4
UVM0001,MUA HIN POULTRY FARM PTE LTD,2022-11-27,21498.6
UVM0001,MUA HIN POULTRY FARM PTE LTD,2022-12-04,16284.3
UVM0001,MUA HIN POULTRY FARM PTE LTD,2022-12-11,7743.0
UVM0001,MUA HIN POULTRY FARM PTE LTD,2022-12-18,5667.0
UVM0001,MUA HIN POULTRY FARM PTE LTD,2022-12-25,6283.0
UVM0001,MUA HIN POULTRY FARM PTE LTD,2023-01-01,7098.0
UVM0005,MILLENIUM TRADING PTE LTD,2022-10-30,1130.0
UVM0005,MILLENIUM TRADING PTE LTD,2022-11-06,0.0
UVM0005,MILLENIUM TRADING PTE LTD,2022-11-13,0.0
UVM0005,MILLENIUM TRADING PTE LTD,2022-11-20,0.0
UVM0005,MILLENIUM TRADING PTE LTD,2022-11-27,1130.0
UVM0005,MILLENIUM TRADING PTE LTD,2022-12-04,0.0
UVM0005,MILLENIUM TRADING PTE LTD,2022-12-11,0.0
UVM0005,MILLENIUM TRADING PTE LTD,2022-12-18,0.0
UVM0005,MILLENIUM TRADING PTE LTD,2022-12-25,969.9999999999999
UVM0008,MEGA PACKERS ASSOCIATE PTE LTD,2022-10-09,11130.0
UVM0008,MEGA PACKERS ASSOCIATE PTE LTD,2022-10-16,6679.161999999999
UVM0008,MEGA PACKERS ASSOCIATE PTE LTD,2022-10-23,11022.543
UVM0008,MEGA PACKERS ASSOCIATE PTE LTD,2022-10-30,11048.018
UVM0008,MEGA PACKERS ASSOCIATE PTE LTD,2022-11-06,15648.867
UVM0008,MEGA PACKERS ASSOCIATE PTE LTD,2022-11-13,17125.246
UVM0008,MEGA PACKERS ASSOCIATE PTE LTD,2022-11-20,13228.82
UVM0008,MEGA PACKERS ASSOCIATE PTE LTD,2022-11-27,4680.0
UVM0008,MEGA PACKERS ASSOCIATE PTE LTD,2022-12-04,777.426
UVM0008,MEGA PACKERS ASSOCIATE PTE LTD,2022-12-11,734.136
UVM0008,MEGA PACKERS ASSOCIATE PTE LTD,2022-12-18,20296.014
UVM0008,MEGA PACKERS ASSOCIATE PTE LTD,2022-12-25,1572.402
UVM0008,MEGA PACKERS ASSOCIATE PTE LTD,2023-01-01,11620.662
UVM0016,MAMAMI DEAL PTE LTD,2022-10-16,225.0
UVM0016,MAMAMI DEAL PTE LTD,2022-10-23,0.0
UVM0016,MAMAMI DEAL PTE LTD,2022-10-30,225.0
UVM0016,MAMAMI DEAL PTE LTD,2022-11-06,0.0
UVM0016,MAMAMI DEAL PTE LTD,2022-11-13,306.0
UVM0016,MAMAMI DEAL PTE LTD,2022-11-20,300.0
UVM0016,MAMAMI DEAL PTE LTD,2022-11-27,499.49999999999994
UVM0016,MAMAMI DEAL PTE LTD,2022-12-04,0.0
UVM0016,MAMAMI DEAL PTE LTD,2022-12-11,0.0
UVM0016,MAMAMI DEAL PTE LTD,2022-12-18,510.0
UVM0016,MAMAMI DEAL PTE LTD,2022-12-25,270.0
UVN0003,NGUAN FOOD TRADING PTE LTD,2022-10-23,690.0
UVN0003,NGUAN FOOD TRADING PTE LTD,2022-10-30,0.0
UVN0003,NGUAN FOOD TRADING PTE LTD,2022-11-06,0.0
UVN0003,NGUAN FOOD TRADING PTE LTD,2022-11-13,2250.0
UVN0011,NEW DAWN FROZEN FOOD PTE LTD,2022-10-02,5600.0
UVN0011,NEW DAWN FROZEN FOOD PTE LTD,2022-10-09,5600.0
UVN0011,NEW DAWN FROZEN FOOD PTE LTD,2022-10-16,0.0
UVN0011,NEW DAWN FROZEN FOOD PTE LTD,2022-10-23,0.0
UVN0011,NEW DAWN FROZEN FOOD PTE LTD,2022-10-30,0.0
UVN0011,NEW DAWN FROZEN FOOD PTE LTD,2022-11-06,0.0
UVN0011,NEW DAWN FROZEN FOOD PTE LTD,2022-11-13,0.0
UVN0011,NEW DAWN FROZEN FOOD PTE LTD,2022-11-20,0.0
UVN0011,NEW DAWN FROZEN FOOD PTE LTD,2022-11-27,0.0
UVN0011,NEW DAWN FROZEN FOOD PTE LTD,2022-12-04,0.0
UVN0011,NEW DAWN FROZEN FOOD PTE LTD,2022-12-11,2353.408
UVN0011,NEW DAWN FROZEN FOOD PTE LTD,2022-12-18,0.0
UVN0011,NEW DAWN FROZEN FOOD PTE LTD,2022-12-25,0.0
UVN0011,NEW DAWN FROZEN FOOD PTE LTD,2023-01-01,2700.0
UVN0012,NEW RETAIL INTERNATIONAL PTE LTD,2022-11-06,1263.6
UVN0012,NEW RETAIL INTERNATIONAL PTE LTD,2022-11-13,0.0
UVN0012,NEW RETAIL INTERNATIONAL PTE LTD,2022-11-20,0.0
UVN0012,NEW RETAIL INTERNATIONAL PTE LTD,2022-11-27,0.0
UVN0012,NEW RETAIL INTERNATIONAL PTE LTD,2022-12-04,0.0
UVN0012,NEW RETAIL INTERNATIONAL PTE LTD,2022-12-11,0.0
UVN0012,NEW RETAIL INTERNATIONAL PTE LTD,2022-12-18,2430.0
UVN0015,NANYANG TRADITIONAL FOOD PTE LTD,2022-12-04,1160.0
UVN0015,NANYANG TRADITIONAL FOOD PTE LTD,2022-12-11,0.0
UVN0015,NANYANG TRADITIONAL FOOD PTE LTD,2022-12-18,0.0
UVN0015,NANYANG TRADITIONAL FOOD PTE LTD,2022-12-25,0.0
UVN0015,NANYANG TRADITIONAL FOOD PTE LTD,2023-01-01,4420.0
UVO0001,OMNI AQUATIC SUPPLIES PTE LTD,2022-10-09,4500.0
UVO0001,OMNI AQUATIC SUPPLIES PTE LTD,2022-10-16,1387.5
UVO0001,OMNI AQUATIC SUPPLIES PTE LTD,2022-10-23,6248.5
UVO0001,OMNI AQUATIC SUPPLIES PTE LTD,2022-10-30,6350.0
UVO0001,OMNI AQUATIC SUPPLIES PTE LTD,2022-11-06,10050.0
UVO0001,OMNI AQUATIC SUPPLIES PTE LTD,2022-11-13,0.0
UVO0001,OMNI AQUATIC SUPPLIES PTE LTD,2022-11-20,2700.0
UVO0001,OMNI AQUATIC SUPPLIES PTE LTD,2022-11-27,2700.0
UVO0001,OMNI AQUATIC SUPPLIES PTE LTD,2022-12-04,3200.0
UVO0001,OMNI AQUATIC SUPPLIES PTE LTD,2022-12-11,6851.4
UVO0001,OMNI AQUATIC SUPPLIES PTE LTD,2022-12-18,3995.7
UVO0001,OMNI AQUATIC SUPPLIES PTE LTD,2022-12-25,11698.2
UVO0001,OMNI AQUATIC SUPPLIES PTE LTD,2023-01-01,9117.5
UVO0004,OJJ FOODS PTE LTD,2022-10-02,2350.0
UVO0004,OJJ FOODS PTE LTD,2022-10-09,3600.0
UVO0004,OJJ FOODS PTE LTD,2022-10-16,11879.8
UVO0004,OJJ FOODS PTE LTD,2022-10-23,7137.6
UVO0004,OJJ FOODS PTE LTD,2022-10-30,3083.0
UVO0004,OJJ FOODS PTE LTD,2022-11-06,6813.4
UVO0004,OJJ FOODS PTE LTD,2022-11-13,3994.0
UVO0004,OJJ FOODS PTE LTD,2022-11-20,9228.1
UVO0004,OJJ FOODS PTE LTD,2022-11-27,6101.5
UVO0004,OJJ FOODS PTE LTD,2022-12-04,7945.6
UVO0004,OJJ FOODS PTE LTD,2022-12-11,5320.9
UVO0004,OJJ FOODS PTE LTD,2022-12-18,4025.0
UVO0004,OJJ FOODS PTE LTD,2022-12-25,5400.0
UVO0004,OJJ FOODS PTE LTD,2023-01-01,5920.2
UVO0012,"OCEAN FISHERY CO.,LTD",2023-01-01,43920.0
UVP0001,PAN OCEAN SINGAPORE PTE LTD,2022-10-09,4056.0
UVP0001,PAN OCEAN SINGAPORE PTE LTD,2022-10-16,3225.0
UVP0001,PAN OCEAN SINGAPORE PTE LTD,2022-10-23,2570.0
UVP0001,PAN OCEAN SINGAPORE PTE LTD,2022-10-30,1824.0
UVP0001,PAN OCEAN SINGAPORE PTE LTD,2022-11-06,1869.0
UVP0001,PAN OCEAN SINGAPORE PTE LTD,2022-11-13,0.0
UVP0001,PAN OCEAN SINGAPORE PTE LTD,2022-11-20,1410.0
UVP0001,PAN OCEAN SINGAPORE PTE LTD,2022-11-27,2207.84
UVP0001,PAN OCEAN SINGAPORE PTE LTD,2022-12-04,1951.96
UVP0001,PAN OCEAN SINGAPORE PTE LTD,2022-12-11,3090.0
UVP0001,PAN OCEAN SINGAPORE PTE LTD,2022-12-18,855.0
UVP0001,PAN OCEAN SINGAPORE PTE LTD,2022-12-25,5152.0
UVP0001,PAN OCEAN SINGAPORE PTE LTD,2023-01-01,1085.0
UVP0002,PIN CORPORATION PTE LTD,2022-10-09,4075.0
UVP0002,PIN CORPORATION PTE LTD,2022-10-16,10848.0
UVP0002,PIN CORPORATION PTE LTD,2022-10-23,34171.2
UVP0002,PIN CORPORATION PTE LTD,2022-10-30,2535.0
UVP0002,PIN CORPORATION PTE LTD,2022-11-06,3950.0
UVP0002,PIN CORPORATION PTE LTD,2022-11-13,2215.278
UVP0002,PIN CORPORATION PTE LTD,2022-11-20,1732.9769999999999
UVP0002,PIN CORPORATION PTE LTD,2022-11-27,5790.529
UVP0002,PIN CORPORATION PTE LTD,2022-12-04,3875.0
UVP0002,PIN CORPORATION PTE LTD,2022-12-11,20258.199999999997
UVP0002,PIN CORPORATION PTE LTD,2022-12-18,17087.121
UVP0002,PIN CORPORATION PTE LTD,2022-12-25,13063.199999999999
UVP0002,PIN CORPORATION PTE LTD,2023-01-01,11099.4
UVP0006,INDIA-PACIFIC TRADING,2022-10-30,680.0
UVP0009,PARK FOOD MANUFACTURING PTE LTD,2022-10-09,2295.0
UVP0009,PARK FOOD MANUFACTURING PTE LTD,2022-10-16,2337.5
UVP0009,PARK FOOD MANUFACTURING PTE LTD,2022-10-23,2975.0
UVP0009,PARK FOOD MANUFACTURING PTE LTD,2022-10-30,1229.0
UVP0009,PARK FOOD MANUFACTURING PTE LTD,2022-11-06,1785.0
UVP0009,PARK FOOD MANUFACTURING PTE LTD,2022-11-13,2867.0
UVP0009,PARK FOOD MANUFACTURING PTE LTD,2022-11-20,1390.0
UVP0009,PARK FOOD MANUFACTURING PTE LTD,2022-11-27,1955.0
UVP0009,PARK FOOD MANUFACTURING PTE LTD,2022-12-04,2380.0
UVP0009,PARK FOOD MANUFACTURING PTE LTD,2022-12-11,2159.0
UVP0009,PARK FOOD MANUFACTURING PTE LTD,2022-12-18,1955.0
UVP0009,PARK FOOD MANUFACTURING PTE LTD,2022-12-25,4505.0
UVP0009,PARK FOOD MANUFACTURING PTE LTD,2023-01-01,2082.5
UVP0014,PING PONG FOODS PTE LTD,2022-10-09,540.0
UVP0014,PING PONG FOODS PTE LTD,2022-10-16,540.0
UVP0014,PING PONG FOODS PTE LTD,2022-10-23,108.0
UVP0014,PING PONG FOODS PTE LTD,2022-10-30,540.0
UVP0014,PING PONG FOODS PTE LTD,2022-11-06,540.0
UVP0014,PING PONG FOODS PTE LTD,2022-11-13,648.0
UVP0014,PING PONG FOODS PTE LTD,2022-11-20,0.0
UVP0014,PING PONG FOODS PTE LTD,2022-11-27,540.0
UVP0014,PING PONG FOODS PTE LTD,2022-12-04,648.0
UVP0014,PING PONG FOODS PTE LTD,2022-12-11,540.0
UVP0014,PING PONG FOODS PTE LTD,2022-12-18,900.0
UVP0014,PING PONG FOODS PTE LTD,2022-12-25,540.0
UVP0014,PING PONG FOODS PTE LTD,2023-01-01,540.0
UVP0016,PREMIER FOODS ASIA PTE LTD,2022-10-02,1420.0
UVP0016,PREMIER FOODS ASIA PTE LTD,2022-10-09,0.0
UVP0016,PREMIER FOODS ASIA PTE LTD,2022-10-16,1420.0
UVP0016,PREMIER FOODS ASIA PTE LTD,2022-10-23,2036.0
UVP0016,PREMIER FOODS ASIA PTE LTD,2022-10-30,2485.0
UVP0016,PREMIER FOODS ASIA PTE LTD,2022-11-06,1420.0
UVP0016,PREMIER FOODS ASIA PTE LTD,2022-11-13,1420.0
UVP0016,PREMIER FOODS ASIA PTE LTD,2022-11-20,0.0
UVP0016,PREMIER FOODS ASIA PTE LTD,2022-11-27,2130.0
UVP0016,PREMIER FOODS ASIA PTE LTD,2022-12-04,2100.0
UVP0016,PREMIER FOODS ASIA PTE LTD,2022-12-11,1420.0
UVP0016,PREMIER FOODS ASIA PTE LTD,2022-12-18,1420.0
UVP0016,PREMIER FOODS ASIA PTE LTD,2022-12-25,0.0
UVP0016,PREMIER FOODS ASIA PTE LTD,2023-01-01,1420.0
UVP0021,PAK SOON FROZEN SEAFOODS SDN BHD,2022-12-04,543.0
UVQ0003,QSR TRADING SDN BHD,2022-12-18,18092.0
UVQ0005,QUALITY MEAT PTE LTD,2022-10-02,1250.0
UVQ0005,QUALITY MEAT PTE LTD,2022-10-09,630.0
UVQ0005,QUALITY MEAT PTE LTD,2022-10-16,1550.0
UVQ0005,QUALITY MEAT PTE LTD,2022-10-23,3000.0
UVQ0005,QUALITY MEAT PTE LTD,2022-10-30,7336.4
UVQ0005,QUALITY MEAT PTE LTD,2022-11-06,6842.4
UVQ0005,QUALITY MEAT PTE LTD,2022-11-13,2400.0
UVQ0005,QUALITY MEAT PTE LTD,2022-11-20,600.0
UVQ0005,QUALITY MEAT PTE LTD,2022-11-27,0.0
UVQ0005,QUALITY MEAT PTE LTD,2022-12-04,1560.0
UVQ0005,QUALITY MEAT PTE LTD,2022-12-11,300.0
UVQ0005,QUALITY MEAT PTE LTD,2022-12-18,930.0
UVQ0005,QUALITY MEAT PTE LTD,2022-12-25,480.0
UVQ0005,QUALITY MEAT PTE LTD,2023-01-01,4098.0
UVR0001,REN & ZHANG WORLDWIDE TRADING(S)PTE LTD,2023-01-01,1793.9999999999998
UVR0010,RIO BRANCO ALIMENTOS S.A,2022-12-18,90895.0
UVS0002,SEAWAVES FROZEN FOOD PTE LTD,2022-10-09,1316.0
UVS0002,SEAWAVES FROZEN FOOD PTE LTD,2022-10-16,498.00000000000006
UVS0002,SEAWAVES FROZEN FOOD PTE LTD,2022-10-23,938.8
UVS0002,SEAWAVES FROZEN FOOD PTE LTD,2022-10-30,690.0
UVS0002,SEAWAVES FROZEN FOOD PTE LTD,2022-11-06,0.0
UVS0002,SEAWAVES FROZEN FOOD PTE LTD,2022-11-13,690.0
UVS0002,SEAWAVES FROZEN FOOD PTE LTD,2022-11-20,2152.0
UVS0002,SEAWAVES FROZEN FOOD PTE LTD,2022-11-27,0.0
UVS0002,SEAWAVES FROZEN FOOD PTE LTD,2022-12-04,1145.6
UVS0002,SEAWAVES FROZEN FOOD PTE LTD,2022-12-11,680.0
UVS0002,SEAWAVES FROZEN FOOD PTE LTD,2022-12-18,516.0
UVS0002,SEAWAVES FROZEN FOOD PTE LTD,2022-12-25,0.0
UVS0002,SEAWAVES FROZEN FOOD PTE LTD,2023-01-01,516.0
UVS0005,SONG FISH DEALER PTE LTD,2022-10-02,958.6
UVS0005,SONG FISH DEALER PTE LTD,2022-10-09,8955.4
UVS0005,SONG FISH DEALER PTE LTD,2022-10-16,6167.0
UVS0005,SONG FISH DEALER PTE LTD,2022-10-23,11475.4
UVS0005,SONG FISH DEALER PTE LTD,2022-10-30,10325.199999999999
UVS0005,SONG FISH DEALER PTE LTD,2022-11-06,11056.0
UVS0005,SONG FISH DEALER PTE LTD,2022-11-13,6772.599999999999
UVS0005,SONG FISH DEALER PTE LTD,2022-11-20,10259.0
UVS0005,SONG FISH DEALER PTE LTD,2022-11-27,14366.4
UVS0005,SONG FISH DEALER PTE LTD,2022-12-04,7350.4
UVS0005,SONG FISH DEALER PTE LTD,2022-12-11,5355.0
UVS0005,SONG FISH DEALER PTE LTD,2022-12-18,4195.0
UVS0005,SONG FISH DEALER PTE LTD,2022-12-25,7335.0
UVS0005,SONG FISH DEALER PTE LTD,2023-01-01,6180.0
UVS0006,SIN LI HIN FROZEN FOOD PTE LTD,2022-10-09,110.60000000000001
UVS0006,SIN LI HIN FROZEN FOOD PTE LTD,2022-10-16,385.20000000000005
UVS0006,SIN LI HIN FROZEN FOOD PTE LTD,2022-10-23,0.0
UVS0006,SIN LI HIN FROZEN FOOD PTE LTD,2022-10-30,0.0
UVS0006,SIN LI HIN FROZEN FOOD PTE LTD,2022-11-06,245.99999999999997
UVS0006,SIN LI HIN FROZEN FOOD PTE LTD,2022-11-13,0.0
UVS0006,SIN LI HIN FROZEN FOOD PTE LTD,2022-11-20,234.0
UVS0006,SIN LI HIN FROZEN FOOD PTE LTD,2022-11-27,249.0
UVS0006,SIN LI HIN FROZEN FOOD PTE LTD,2022-12-04,390.0
UVS0006,SIN LI HIN FROZEN FOOD PTE LTD,2022-12-11,164.0
UVS0006,SIN LI HIN FROZEN FOOD PTE LTD,2022-12-18,0.0
UVS0006,SIN LI HIN FROZEN FOOD PTE LTD,2022-12-25,398.0
UVS0008,COUNTRY FOODS PTE LTD,2022-10-02,420.0
UVS0008,COUNTRY FOODS PTE LTD,2022-10-09,22331.3
UVS0008,COUNTRY FOODS PTE LTD,2022-10-16,31383.22
UVS0008,COUNTRY FOODS PTE LTD,2022-10-23,116909.1
UVS0008,COUNTRY FOODS PTE LTD,2022-10-30,22044.2
UVS0008,COUNTRY FOODS PTE LTD,2022-11-06,100095.0
UVS0008,COUNTRY FOODS PTE LTD,2022-11-13,44857.3
UVS0008,COUNTRY FOODS PTE LTD,2022-11-20,21517.9
UVS0008,COUNTRY FOODS PTE LTD,2022-11-27,14007.5
UVS0008,COUNTRY FOODS PTE LTD,2022-12-04,34745.0
UVS0008,COUNTRY FOODS PTE LTD,2022-12-11,20240.3
UVS0008,COUNTRY FOODS PTE LTD,2022-12-18,45627.0
UVS0008,COUNTRY FOODS PTE LTD,2022-12-25,114220.161
UVS0008,COUNTRY FOODS PTE LTD,2023-01-01,13612.775
UVS0014,SIN HIN FROZEN FOOD PTE LTD,2022-10-16,756.0
UVS0014,SIN HIN FROZEN FOOD PTE LTD,2022-10-23,0.0
UVS0014,SIN HIN FROZEN FOOD PTE LTD,2022-10-30,756.0
UVS0014,SIN HIN FROZEN FOOD PTE LTD,2022-11-06,0.0
UVS0014,SIN HIN FROZEN FOOD PTE LTD,2022-11-13,756.0
UVS0014,SIN HIN FROZEN FOOD PTE LTD,2022-11-20,0.0
UVS0014,SIN HIN FROZEN FOOD PTE LTD,2022-11-27,756.0
UVS0014,SIN HIN FROZEN FOOD PTE LTD,2022-12-04,0.0
UVS0014,SIN HIN FROZEN FOOD PTE LTD,2022-12-11,2544.0
UVS0014,SIN HIN FROZEN FOOD PTE LTD,2022-12-18,6888.0
UVS0014,SIN HIN FROZEN FOOD PTE LTD,2022-12-25,756.0
UVS0014,SIN HIN FROZEN FOOD PTE LTD,2023-01-01,643.2
UVS0016,SEO ENG JOO FROZEN FOOD PTE LTD,2022-11-13,15578.999999999998
UVS0016,SEO ENG JOO FROZEN FOOD PTE LTD,2022-11-20,0.0
UVS0016,SEO ENG JOO FROZEN FOOD PTE LTD,2022-11-27,0.0
UVS0016,SEO ENG JOO FROZEN FOOD PTE LTD,2022-12-04,0.0
UVS0016,SEO ENG JOO FROZEN FOOD PTE LTD,2022-12-11,0.0
UVS0016,SEO ENG JOO FROZEN FOOD PTE LTD,2022-12-18,0.0
UVS0016,SEO ENG JOO FROZEN FOOD PTE LTD,2022-12-25,0.0
UVS0016,SEO ENG JOO FROZEN FOOD PTE LTD,2023-01-01,15578.999999999998
UVS0027,SEA VENTURE ENTERPRISE PTE LTD,2022-10-09,960.0
UVS0027,SEA VENTURE ENTERPRISE PTE LTD,2022-10-16,0.0
UVS0027,SEA VENTURE ENTERPRISE PTE LTD,2022-10-23,0.0
UVS0027,SEA VENTURE ENTERPRISE PTE LTD,2022-10-30,0.0
UVS0027,SEA VENTURE ENTERPRISE PTE LTD,2022-11-06,0.0
UVS0027,SEA VENTURE ENTERPRISE PTE LTD,2022-11-13,0.0
UVS0027,SEA VENTURE ENTERPRISE PTE LTD,2022-11-20,0.0
UVS0027,SEA VENTURE ENTERPRISE PTE LTD,2022-11-27,0.0
UVS0027,SEA VENTURE ENTERPRISE PTE LTD,2022-12-04,120.0
UVS0027,SEA VENTURE ENTERPRISE PTE LTD,2022-12-11,0.0
UVS0027,SEA VENTURE ENTERPRISE PTE LTD,2022-12-18,400.0
UVS0029,SEVENSEAS FISHERIES PTE LTD,2022-12-11,3405.6
UVS0034,SIN MUI HENG FOOD INDUSTRIES,2022-10-09,175.0
UVS0034,SIN MUI HENG FOOD INDUSTRIES,2022-10-16,175.0
UVS0034,SIN MUI HENG FOOD INDUSTRIES,2022-10-23,350.0
UVS0034,SIN MUI HENG FOOD INDUSTRIES,2022-10-30,350.0
UVS0034,SIN MUI HENG FOOD INDUSTRIES,2022-11-06,350.0
UVS0034,SIN MUI HENG FOOD INDUSTRIES,2022-11-13,0.0
UVS0034,SIN MUI HENG FOOD INDUSTRIES,2022-11-20,350.0
UVS0034,SIN MUI HENG FOOD INDUSTRIES,2022-11-27,175.0
UVS0034,SIN MUI HENG FOOD INDUSTRIES,2022-12-04,350.0
UVS0034,SIN MUI HENG FOOD INDUSTRIES,2022-12-11,175.0
UVS0034,SIN MUI HENG FOOD INDUSTRIES,2022-12-18,0.0
UVS0034,SIN MUI HENG FOOD INDUSTRIES,2022-12-25,525.0
UVS0034,SIN MUI HENG FOOD INDUSTRIES,2023-01-01,350.0
UVS0046,STS SEAFOOD DIRECT PTE LTD,2022-10-09,173.58
UVS0046,STS SEAFOOD DIRECT PTE LTD,2022-10-16,264.0
UVS0046,STS SEAFOOD DIRECT PTE LTD,2022-10-23,176.0
UVS0046,STS SEAFOOD DIRECT PTE LTD,2022-10-30,198.0
UVS0046,STS SEAFOOD DIRECT PTE LTD,2022-11-06,165.0
UVS0046,STS SEAFOOD DIRECT PTE LTD,2022-11-13,132.0
UVS0046,STS SEAFOOD DIRECT PTE LTD,2022-11-20,55.00000000000001
UVS0046,STS SEAFOOD DIRECT PTE LTD,2022-11-27,283.8
UVS0046,STS SEAFOOD DIRECT PTE LTD,2022-12-04,61.60000000000001
UVS0046,STS SEAFOOD DIRECT PTE LTD,2022-12-11,269.94
UVS0046,STS SEAFOOD DIRECT PTE LTD,2022-12-18,145.20000000000002
UVS0046,STS SEAFOOD DIRECT PTE LTD,2022-12-25,394.68
UVS0046,STS SEAFOOD DIRECT PTE LTD,2023-01-01,308.44
UVS0055,SUN SEAFOOD PTE LTD,2022-11-27,99.6
UVS0055,SUN SEAFOOD PTE LTD,2022-12-04,0.0
UVS0055,SUN SEAFOOD PTE LTD,2022-12-11,0.0
UVS0055,SUN SEAFOOD PTE LTD,2022-12-18,0.0
UVS0055,SUN SEAFOOD PTE LTD,2022-12-25,697.2
UVS0055,SUN SEAFOOD PTE LTD,2023-01-01,448.2
UVS0058,SUNRISE FOOD PTE LTD,2022-10-02,175.5
UVS0058,SUNRISE FOOD PTE LTD,2022-10-09,586.0
UVS0058,SUNRISE FOOD PTE LTD,2022-10-16,422.0
UVS0058,SUNRISE FOOD PTE LTD,2022-10-23,396.0
UVS0058,SUNRISE FOOD PTE LTD,2022-10-30,412.0
UVS0058,SUNRISE FOOD PTE LTD,2022-11-06,566.0
UVS0058,SUNRISE FOOD PTE LTD,2022-11-13,566.0
UVS0058,SUNRISE FOOD PTE LTD,2022-11-20,660.5
UVS0058,SUNRISE FOOD PTE LTD,2022-11-27,566.0
UVS0058,SUNRISE FOOD PTE LTD,2022-12-04,396.0
UVS0058,SUNRISE FOOD PTE LTD,2022-12-11,679.0
UVS0058,SUNRISE FOOD PTE LTD,2022-12-18,453.5
UVS0058,SUNRISE FOOD PTE LTD,2022-12-25,651.0
UVS0058,SUNRISE FOOD PTE LTD,2023-01-01,396.0
UVS0059,SMART FOOD PTE LTD,2022-10-09,700.0
UVS0061,SHISHANGFOOD PTE LTD,2022-10-09,231.0
UVS0061,SHISHANGFOOD PTE LTD,2022-10-16,0.0
UVS0061,SHISHANGFOOD PTE LTD,2022-10-23,30.0
UVS0061,SHISHANGFOOD PTE LTD,2022-10-30,1360.0
UVS0061,SHISHANGFOOD PTE LTD,2022-11-06,430.0
UVS0061,SHISHANGFOOD PTE LTD,2022-11-13,90.0
UVS0061,SHISHANGFOOD PTE LTD,2022-11-20,0.0
UVS0061,SHISHANGFOOD PTE LTD,2022-11-27,0.0
UVS0061,SHISHANGFOOD PTE LTD,2022-12-04,120.0
UVS0061,SHISHANGFOOD PTE LTD,2022-12-11,0.0
UVS0061,SHISHANGFOOD PTE LTD,2022-12-18,73.0
UVS0061,SHISHANGFOOD PTE LTD,2022-12-25,75.0
UVS0061,SHISHANGFOOD PTE LTD,2023-01-01,595.0
UVS0062,SIAM CANADIAN (ASIA) LIMITED,2022-10-16,90216.0
UVS0062,SIAM CANADIAN (ASIA) LIMITED,2022-10-23,0.0
UVS0062,SIAM CANADIAN (ASIA) LIMITED,2022-10-30,0.0
UVS0062,SIAM CANADIAN (ASIA) LIMITED,2022-11-06,0.0
UVS0062,SIAM CANADIAN (ASIA) LIMITED,2022-11-13,85428.0
UVS0062,SIAM CANADIAN (ASIA) LIMITED,2022-11-20,0.0
UVS0062,SIAM CANADIAN (ASIA) LIMITED,2022-11-27,0.0
UVS0062,SIAM CANADIAN (ASIA) LIMITED,2022-12-04,0.0
UVS0062,SIAM CANADIAN (ASIA) LIMITED,2022-12-11,80388.0
UVT0004,TIONG LIAN FOOD PTE LTD,2022-10-09,5056.35
UVT0004,TIONG LIAN FOOD PTE LTD,2022-10-16,6132.5
UVT0004,TIONG LIAN FOOD PTE LTD,2022-10-23,11044.925
UVT0004,TIONG LIAN FOOD PTE LTD,2022-10-30,5862.925
UVT0004,TIONG LIAN FOOD PTE LTD,2022-11-06,14492.5
UVT0004,TIONG LIAN FOOD PTE LTD,2022-11-13,6986.825
UVT0004,TIONG LIAN FOOD PTE LTD,2022-11-20,6600.0
UVT0004,TIONG LIAN FOOD PTE LTD,2022-11-27,3230.0
UVT0004,TIONG LIAN FOOD PTE LTD,2022-12-04,7002.775
UVT0004,TIONG LIAN FOOD PTE LTD,2022-12-11,7154.35
UVT0004,TIONG LIAN FOOD PTE LTD,2022-12-18,6589.25
UVT0004,TIONG LIAN FOOD PTE LTD,2022-12-25,4173.45
UVT0004,TIONG LIAN FOOD PTE LTD,2023-01-01,7091.7
UVT0005,TOWSENLY FOOD ENTERPRISE,2022-11-13,117.98399999999998
UVT0006,THE SEAFOOD COMPANY PTE LTD,2022-10-02,770.0
UVT0006,THE SEAFOOD COMPANY PTE LTD,2022-10-09,1728.0
UVT0006,THE SEAFOOD COMPANY PTE LTD,2022-10-16,645.0
UVT0006,THE SEAFOOD COMPANY PTE LTD,2022-10-23,2515.0
UVT0006,THE SEAFOOD COMPANY PTE LTD,2022-10-30,2394.0
UVT0006,THE SEAFOOD COMPANY PTE LTD,2022-11-06,0.0
UVT0006,THE SEAFOOD COMPANY PTE LTD,2022-11-13,1900.0
UVT0006,THE SEAFOOD COMPANY PTE LTD,2022-11-20,16045.14
UVT0006,THE SEAFOOD COMPANY PTE LTD,2022-11-27,1600.706
UVT0006,THE SEAFOOD COMPANY PTE LTD,2022-12-04,1221.0
UVT0006,THE SEAFOOD COMPANY PTE LTD,2022-12-11,360.0
UVT0006,THE SEAFOOD COMPANY PTE LTD,2022-12-18,980.0000000000001
UVT0006,THE SEAFOOD COMPANY PTE LTD,2022-12-25,4265.24
UVT0006,THE SEAFOOD COMPANY PTE LTD,2023-01-01,6342.0
UVT0007,DODO MARKETING PTE LTD,2022-10-09,1260.0
UVT0007,DODO MARKETING PTE LTD,2022-10-16,0.0
UVT0007,DODO MARKETING PTE LTD,2022-10-23,1260.0
UVT0007,DODO MARKETING PTE LTD,2022-10-30,0.0
UVT0007,DODO MARKETING PTE LTD,2022-11-06,0.0
UVT0007,DODO MARKETING PTE LTD,2022-11-13,1440.0
UVT0007,DODO MARKETING PTE LTD,2022-11-20,0.0
UVT0007,DODO MARKETING PTE LTD,2022-11-27,0.0
UVT0007,DODO MARKETING PTE LTD,2022-12-04,1440.0
UVT0007,DODO MARKETING PTE LTD,2022-12-11,0.0
UVT0007,DODO MARKETING PTE LTD,2022-12-18,0.0
UVT0007,DODO MARKETING PTE LTD,2022-12-25,1440.0
UVT0009,TS FROZEN SEAFOOD,2022-10-09,238.0
UVT0009,TS FROZEN SEAFOOD,2022-10-16,0.0
UVT0009,TS FROZEN SEAFOOD,2022-10-23,0.0
UVT0009,TS FROZEN SEAFOOD,2022-10-30,0.0
UVT0009,TS FROZEN SEAFOOD,2022-11-06,0.0
UVT0009,TS FROZEN SEAFOOD,2022-11-13,0.0
UVT0009,TS FROZEN SEAFOOD,2022-11-20,0.0
UVT0009,TS FROZEN SEAFOOD,2022-11-27,238.0
UVT0009,TS FROZEN SEAFOOD,2022-12-04,238.0
UVT0009,TS FROZEN SEAFOOD,2022-12-11,238.0
UVT0009,TS FROZEN SEAFOOD,2022-12-18,0.0
UVT0009,TS FROZEN SEAFOOD,2022-12-25,0.0
UVT0009,TS FROZEN SEAFOOD,2023-01-01,476.0
UVT0017,TOMEX DANMARK A/S,2022-11-13,131777.5875
UVT0017,TOMEX DANMARK A/S,2022-11-20,0.0
UVT0017,TOMEX DANMARK A/S,2022-11-27,0.0
UVT0017,TOMEX DANMARK A/S,2022-12-04,130814.50980000001
UVT0021,T&L INDUSTRIES PTE LTD,2022-10-02,56.55
UVT0021,T&L INDUSTRIES PTE LTD,2022-10-09,1891.01
UVT0021,T&L INDUSTRIES PTE LTD,2022-10-16,1604.1299999999999
UVT0021,T&L INDUSTRIES PTE LTD,2022-10-23,2110.48
UVT0021,T&L INDUSTRIES PTE LTD,2022-10-30,1597.24
UVT0021,T&L INDUSTRIES PTE LTD,2022-11-06,2481.272
UVT0021,T&L INDUSTRIES PTE LTD,2022-11-13,849.94
UVT0021,T&L INDUSTRIES PTE LTD,2022-11-20,1372.2
UVT0021,T&L INDUSTRIES PTE LTD,2022-11-27,1169.16
UVT0021,T&L INDUSTRIES PTE LTD,2022-12-04,1424.0
UVT0021,T&L INDUSTRIES PTE LTD,2022-12-11,662.69
UVT0021,T&L INDUSTRIES PTE LTD,2022-12-18,1240.0
UVT0021,T&L INDUSTRIES PTE LTD,2022-12-25,1504.345
UVT0021,T&L INDUSTRIES PTE LTD,2023-01-01,1334.49
UVT0023,TOP CHOICE FOOD (S) PTE LTD,2022-10-09,3757.5
UVT0023,TOP CHOICE FOOD (S) PTE LTD,2022-10-16,2214.0
UVT0023,TOP CHOICE FOOD (S) PTE LTD,2022-10-23,2214.0
UVT0023,TOP CHOICE FOOD (S) PTE LTD,2022-10-30,3757.5
UVT0023,TOP CHOICE FOOD (S) PTE LTD,2022-11-06,2214.0
UVT0023,TOP CHOICE FOOD (S) PTE LTD,2022-11-13,2214.0
UVT0023,TOP CHOICE FOOD (S) PTE LTD,2022-11-20,3757.5
UVT0023,TOP CHOICE FOOD (S) PTE LTD,2022-11-27,2214.0
UVT0023,TOP CHOICE FOOD (S) PTE LTD,2022-12-04,2214.0
UVT0023,TOP CHOICE FOOD (S) PTE LTD,2022-12-11,3757.5
UVT0023,TOP CHOICE FOOD (S) PTE LTD,2022-12-18,2214.0
UVT0023,TOP CHOICE FOOD (S) PTE LTD,2022-12-25,3757.5
UVT0023,TOP CHOICE FOOD (S) PTE LTD,2023-01-01,2214.0
UVT0024,TG FISHERY HOLDINGS CORPORATION,2022-10-02,65499.0
UVT0024,TG FISHERY HOLDINGS CORPORATION,2022-10-09,0.0
UVT0024,TG FISHERY HOLDINGS CORPORATION,2022-10-16,0.0
UVT0024,TG FISHERY HOLDINGS CORPORATION,2022-10-23,0.0
UVT0024,TG FISHERY HOLDINGS CORPORATION,2022-10-30,58512.0
UVT0024,TG FISHERY HOLDINGS CORPORATION,2022-11-06,62812.0
UVT0024,TG FISHERY HOLDINGS CORPORATION,2022-11-13,0.0
UVT0024,TG FISHERY HOLDINGS CORPORATION,2022-11-20,52370.0
UVT0024,TG FISHERY HOLDINGS CORPORATION,2022-11-27,0.0
UVT0024,TG FISHERY HOLDINGS CORPORATION,2022-12-04,0.0
UVT0024,TG FISHERY HOLDINGS CORPORATION,2022-12-11,0.0
UVT0024,TG FISHERY HOLDINGS CORPORATION,2022-12-18,101866.66
UVT0024,TG FISHERY HOLDINGS CORPORATION,2022-12-25,0.0
UVT0024,TG FISHERY HOLDINGS CORPORATION,2023-01-01,49858.0
UVT0030,THOMSEN FOOD LINE SINGAPORE PTE LTD,2023-01-01,57223.9398
UVT0033,TIONG HIN FISH MERCHANT CO,2022-10-02,2583.68
UVT0033,TIONG HIN FISH MERCHANT CO,2022-10-09,3259.481
UVT0033,TIONG HIN FISH MERCHANT CO,2022-10-16,2547.183
UVT0033,TIONG HIN FISH MERCHANT CO,2022-10-23,2962.858
UVT0033,TIONG HIN FISH MERCHANT CO,2022-10-30,3481.9449999999997
UVT0033,TIONG HIN FISH MERCHANT CO,2022-11-06,4404.988
UVT0033,TIONG HIN FISH MERCHANT CO,2022-11-13,4985.08
UVT0033,TIONG HIN FISH MERCHANT CO,2022-11-20,3954.1349999999998
UVT0033,TIONG HIN FISH MERCHANT CO,2022-11-27,4189.968
UVT0033,TIONG HIN FISH MERCHANT CO,2022-12-04,3031.22
UVT0033,TIONG HIN FISH MERCHANT CO,2022-12-11,1339.44
UVT0033,TIONG HIN FISH MERCHANT CO,2022-12-18,2701.0159999999996
UVT0033,TIONG HIN FISH MERCHANT CO,2022-12-25,4530.481
UVT0033,TIONG HIN FISH MERCHANT CO,2023-01-01,2041.8850000000002
UVT0037,TOP FOAM INDUSTRIES PTE LTD,2022-10-30,2010.0
UVT0040,TRADE-PRO TRADING PTE LTD,2022-10-09,2376.0
UVT0040,TRADE-PRO TRADING PTE LTD,2022-10-16,2376.0
UVT0040,TRADE-PRO TRADING PTE LTD,2022-10-23,2376.0
UVT0040,TRADE-PRO TRADING PTE LTD,2022-10-30,2376.0
UVT0040,TRADE-PRO TRADING PTE LTD,2022-11-06,0.0
UVT0040,TRADE-PRO TRADING PTE LTD,2022-11-13,2376.0
UVT0040,TRADE-PRO TRADING PTE LTD,2022-11-20,0.0
UVT0040,TRADE-PRO TRADING PTE LTD,2022-11-27,0.0
UVT0040,TRADE-PRO TRADING PTE LTD,2022-12-04,0.0
UVT0040,TRADE-PRO TRADING PTE LTD,2022-12-11,2880.0
UVT0040,TRADE-PRO TRADING PTE LTD,2022-12-18,2880.0
UVT0041,TOH FOOD PTE LTD,2022-10-09,96.0
UVT0041,TOH FOOD PTE LTD,2022-10-16,96.0
UVT0041,TOH FOOD PTE LTD,2022-10-23,96.0
UVT0041,TOH FOOD PTE LTD,2022-10-30,144.0
UVT0041,TOH FOOD PTE LTD,2022-11-06,240.0
UVT0041,TOH FOOD PTE LTD,2022-11-13,0.0
UVT0041,TOH FOOD PTE LTD,2022-11-20,0.0
UVT0041,TOH FOOD PTE LTD,2022-11-27,0.0
UVT0041,TOH FOOD PTE LTD,2022-12-04,960.0
UVT0041,TOH FOOD PTE LTD,2022-12-11,0.0
UVT0041,TOH FOOD PTE LTD,2022-12-18,0.0
UVT0041,TOH FOOD PTE LTD,2022-12-25,0.0
UVT0041,TOH FOOD PTE LTD,2023-01-01,480.0
UVT0042,TAO YUAN PTE LTD,2022-11-27,133.20000000000002
UVT0042,TAO YUAN PTE LTD,2022-12-04,625.52
UVT0042,TAO YUAN PTE LTD,2022-12-11,418.0
UVT0042,TAO YUAN PTE LTD,2022-12-18,1029.6399999999999
UVT0042,TAO YUAN PTE LTD,2022-12-25,57.959999999999994
UVT0042,TAO YUAN PTE LTD,2023-01-01,514.92
UVT0043,TW FOODSTUFF,2022-12-18,53.0
UVX0002,XIN JIA FU FOOD PTE LTD,2022-10-30,150.01999999999998
UVX0002,XIN JIA FU FOOD PTE LTD,2022-11-06,0.0
UVX0002,XIN JIA FU FOOD PTE LTD,2022-11-13,0.0
UVX0002,XIN JIA FU FOOD PTE LTD,2022-11-20,0.0
UVX0002,XIN JIA FU FOOD PTE LTD,2022-11-27,0.0
UVX0002,XIN JIA FU FOOD PTE LTD,2022-12-04,0.0
UVX0002,XIN JIA FU FOOD PTE LTD,2022-12-11,0.0
UVX0002,XIN JIA FU FOOD PTE LTD,2022-12-18,150.01999999999998
UVY0006,YOCORN FOOD ENTERPRISE PTE LTD,2022-10-16,390.0
UVY0006,YOCORN FOOD ENTERPRISE PTE LTD,2022-10-23,0.0
UVY0006,YOCORN FOOD ENTERPRISE PTE LTD,2022-10-30,0.0
UVY0006,YOCORN FOOD ENTERPRISE PTE LTD,2022-11-06,0.0
UVY0006,YOCORN FOOD ENTERPRISE PTE LTD,2022-11-13,0.0
UVY0006,YOCORN FOOD ENTERPRISE PTE LTD,2022-11-20,0.0
UVY0006,YOCORN FOOD ENTERPRISE PTE LTD,2022-11-27,50.0
UVZ0003,ZUZEN FOOD PTE LTD,2022-10-09,972.5
UVZ0003,ZUZEN FOOD PTE LTD,2022-10-16,570.0
UVZ0003,ZUZEN FOOD PTE LTD,2022-10-23,322.5
UVZ0003,ZUZEN FOOD PTE LTD,2022-10-30,570.0
UVZ0003,ZUZEN FOOD PTE LTD,2022-11-06,785.0
UVZ0003,ZUZEN FOOD PTE LTD,2022-11-13,430.0
UVZ0003,ZUZEN FOOD PTE LTD,2022-11-20,590.0
UVZ0003,ZUZEN FOOD PTE LTD,2022-11-27,590.0
UVZ0003,ZUZEN FOOD PTE LTD,2022-12-04,1127.5
UVZ0003,ZUZEN FOOD PTE LTD,2022-12-11,1180.0
UVZ0003,ZUZEN FOOD PTE LTD,2022-12-18,0.0
UVZ0003,ZUZEN FOOD PTE LTD,2022-12-25,793.5
